Kralingen-Crooswijk;;;;;;;


Diefstal;;;;;;;
;;buurtprobleem fietsendiefstal;;;;;
;;% vaak;2006;2007;2008;2009;2011
;;Rubroek;20;19,6;23,5;26,2;24,7
;;Nieuw Crooswijk;25,2;17,6;21,6;37,9;20,1
;;Oud Crooswijk;18,2;19,9;29,7;30,3;25,6
;;Kralingen West;23;29,7;23,6;20,1;25,1
;;Kralingen Oost/Kralingse Bos;21,5;19,6;20,6;21,9;22,5
;;De Esch;6;10,6;11,9;8,4;7,6
;;Struisenburg;17;15,1;26;21,4;19,3
;;Kralingen-Crooswijk;19,7;21,5;23,2;22,9;22,5
;;Rotterdam;18,7;18,2;20;18,5;18,2

;;buurtprobleem diefstal uit de auto;;;;;
;;% vaak;2006;2007;2008;2009;2011
;;Rubroek;21,2;17,6;27,1;25;14,5
;;Nieuw Crooswijk;16,1;16,3;17;21,3;14,8
;;Oud Crooswijk;14,6;20,6;27,6;23,2;14,7
;;Kralingen West;18,3;24,7;21,1;22,8;14,4
;;Kralingen Oost/Kralingse Bos;14,7;22,1;22,4;19,1;15,5
;;De Esch;12,6;16,9;16,6;19,4;13,2
;;Struisenburg;20,3;18,4;32,8;22,5;11,5
;;Kralingen-Crooswijk;17,1;20,8;23,7;22,3;14,3
;;Rotterdam;16,6;15,8;15,4;15,7;14,1

;;buurtprobleem beschadiging aan of diefstal vanaf de auto;;;;;
;;% vaak;2006;2007;2008;2009;2011
;;Rubroek;20,9;24;25,1;21,7;23,5
;;Nieuw Crooswijk;17,9;21,1;23,8;27,7;24,1
;;Oud Crooswijk;15,2;16,6;31,5;29,4;18,9
;;Kralingen West;19,6;23,6;21,6;21;20,4
;;Kralingen Oost/Kralingse Bos;8,5;19;15,9;13,2;14,6
;;De Esch;9,9;15,5;17,9;17,6;16,3
;;Struisenburg;14,1;20,4;25,5;25,4;17,4
;;Kralingen-Crooswijk;16,1;20,8;23,1;21,8;19,4
;;Rotterdam;16,9;16,8;18,2;18,2;17,2

;;slachtofferschap autodiefstal;;;;;
;;% slachtofferschap;2006;2007;2008;2009;2011
;;Rubroek;0,9;1,2;1,6;1,4;0,5
;;Nieuw Crooswijk;0;0;2,7;1;0
;;Oud Crooswijk;2,9;2,5;1,1;1,4;0
;;Kralingen West;2,1;2,2;1,8;1,6;0,7
;;Kralingen Oost/Kralingse Bos;1,5;2,8;3;2,5;0,3
;;De Esch;1,5;0;1,4;1,3;0,4
;;Struisenburg;0,7;0;1;0,4;0,5
;;Kralingen-Crooswijk;1,5;1,7;1,9;1,6;0,4
;;Rotterdam;0,7;0,5;1,2;1;0,6

;;slachtofferschap diefstal uit de auto;;;;;
;;% slachtofferschap;2006;2007;2008;2009;2011
;;Rubroek;11,1;20,4;9,5;6,3;3,6
;;Nieuw Crooswijk;12,3;11,1;6;9;6,4
;;Oud Crooswijk;18;15,3;11,8;6,4;6,4
;;Kralingen West;11,7;11,5;4,2;6,2;3
;;Kralingen Oost/Kralingse Bos;6,5;3,4;13,2;8,8;3,6
;;De Esch;5,9;11,4;6,3;4,2;1,7
;;Struisenburg;4,6;5,4;3,5;5,5;3,4
;;Kralingen-Crooswijk;9,9;10,4;8,1;6,7;3,7
;;Rotterdam;7,1;6,8;5,8;4,9;4

;;slachtofferschap diefstal vanaf de auto;;;;;
;;% slachtofferschap;2006;2007;2008;2009;2011
;;Rubroek;35;37,9;32,2;16,7;13,9
;;Nieuw Crooswijk;30,6;31,8;32,7;17,7;17,5
;;Oud Crooswijk;23,9;30,5;28,7;20,4;23,5
;;Kralingen West;31,7;45,4;38,1;19,2;16,8
;;Kralingen Oost/Kralingse Bos;33,7;27,3;32,6;15,2;13
;;De Esch;17,1;14,9;29,3;15,3;14,1
;;Struisenburg;13,8;23,6;28,4;14,7;9,3
;;Kralingen-Crooswijk;28,3;32,9;32,9;17,4;15,6
;;Rotterdam;29,6;30,5;25,2;15,7;14,7

;;slachtofferschap fietsendiefstal;;;;;
;;% slachtofferschap;2006;2007;2008;2009;2011
;;Rubroek;7,7;4,3;10,2;5,9;5,8
;;Nieuw Crooswijk;11,3;6,1;4,7;12,4;5,8
;;Oud Crooswijk;7,3;9,8;10,8;5,1;4,8
;;Kralingen West;9,6;9,3;12,5;5,4;7,2
;;Kralingen Oost/Kralingse Bos;7,7;4,5;18,2;4,3;3,5
;;De Esch;3,6;2,5;4,2;3,1;2,4
;;Struisenburg;4,3;2,7;10;5,3;7
;;Kralingen-Crooswijk;7,9;6,4;11,2;5,3;5,5
;;Rotterdam;5,3;5,2;9,1;3,9;5

;;slachtofferschap overige diefstal;;;;;
;;% slachtofferschap;2006;2007;2008;2009;2011
;;Rubroek;1,7;2;2,5;1,5;2,6
;;Nieuw Crooswijk;3,9;0,7;3,1;4;3
;;Oud Crooswijk;1,2;0;2,9;2,4;2,4
;;Kralingen West;1,3;1,1;3,7;2,4;2,1
;;Kralingen Oost/Kralingse Bos;2,4;1,2;3,7;2,8;3,4
;;De Esch;0,5;1,8;1,7;2,3;2,7;;;;;
;;Struisenburg;1,7;0,7;1,9;2,2;3,1;;;;;
;;Kralingen-Crooswijk;1,7;1,1;3;2,4;2,6;;;;;
;;Rotterdam;2,6;3,7;3,3;3;3,2;;;;;

;;1.2.1 aangiften diefstal uit/vanaf motorvoertuigen;;;;;;;;;;
;;;absoluut;;;;;genormaliseerd;;;;
;;;2006;2007;2008;2009;2011;2006;2007;2008;2009;2011
;;Rubroek;195;175;235;97;107;25,6;22,5;30,1;12,3;13,2
;;Nieuw Crooswijk;66;55;71;29;31;16,7;16,2;26,6;12,6;14,3
;;Oud Crooswijk;146;89;179;73;55;17,4;11;22,6;9,1;6,9
;;Kralingen West;237;270;353;222;207;14,8;17,3;22,9;14,3;13,3
;;Kralingen Oost/Kralingse Bos;200;220;275;248;228;29,4;32,3;40,4;35,9;31,8
;;De Esch;115;62;94;97;130;25,1;14;21,6;22,2;29,6
;;Struisenburg;110;147;217;133;74;26,5;35,3;51;30,8;16,2
;;Kralingen-Crooswijk;1069;1018;1424;899;832;20,8;20,2;28,9;18,2;16,7
;;Rotterdam;9249;8086;9744;8917;7615;15,8;13,9;16,8;15,3;12,8

;;1.2.2 aangiften diefstal van motorvoertuigen;;;;;;;;;;
;;;absoluut;;;;;genormaliseerd;;;;
;;;2006;2007;2008;2009;2011;2006;2007;2008;2009;2011
;;Rubroek;50;41;29;9;11;6,6;5,3;3,7;1,1;1,4
;;Nieuw Crooswijk;21;13;9;8;1;5,3;3,8;3,4;3,5;0,5
;;Oud Crooswijk;55;33;20;16;13;6,6;4,1;2,5;2;1,6
;;Kralingen West;43;46;52;39;44;2,7;2,9;3,4;2,5;2,8
;;Kralingen Oost/Kralingse Bos;30;22;33;30;33;4,4;3,2;4,8;4,3;4,6
;;De Esch;32;17;22;13;14;7;3,8;5,1;3;3,2
;;Struisenburg;26;12;14;10;10;6,3;2,9;3,3;2,3;2,2
;;Kralingen-Crooswijk;257;184;179;125;126;5;3,7;3,6;2,5;2,5
;;Rotterdam;1679;1423;1323;1411;1173;2,9;2,4;2,3;2,4;2

;;1.2.3 aangiften diefstal van brom-, snor-, fietsen;;;;;;;;;;
;;;absoluut;;;;;genormaliseerd;;;;
;;;2006;2007;2008;2009;2011;2006;2007;2008;2009;2011
;;Rubroek;80;80;48;49;56;10,5;10,3;6,1;6,2;6,9
;;Nieuw Crooswijk;16;21;16;15;17;4;6,2;6;6,5;7,8
;;Oud Crooswijk;29;40;37;43;35;3,5;4,9;4,7;5,4;4,4
;;Kralingen West;124;154;116;96;138;7,7;9,8;7,5;6,2;8,9
;;Kralingen Oost/Kralingse Bos;115;134;90;110;131;16,9;19,7;13,2;15,9;18,3
;;De Esch;35;17;15;10;12;7,6;3,8;3,4;2,3;2,7
;;Struisenburg;30;24;21;18;42;7,2;5,8;4,9;4,2;9,2
;;Kralingen-Crooswijk;429;470;343;341;431;8,3;9,3;7;6,9;8,6
;;Rotterdam;3983;3982;4927;4108;4438;6,8;6,8;8,5;7;7,5

;;1.2.4 aangiften zakkenrollerij;;;;;;;;;;
;;;absoluut;;;;;genormaliseerd;;;;
;;;2006;2007;2008;2009;2011;2006;2007;2008;2009;2011
;;Rubroek;12;10;6;16;17;1,6;1,3;0,8;2;2,1
;;Nieuw Crooswijk;0;0;2;2;3;0;0;0,7;0,9;1,4
;;Oud Crooswijk;4;6;5;6;11;0,5;0,7;0,6;0,7;1,4
;;Kralingen West;30;19;20;32;34;1,9;1,2;1,3;2,1;2,2
;;Kralingen Oost/Kralingse Bos;16;26;24;27;20;2,4;3,8;3,5;3,9;2,8
;;De Esch;7;4;1;9;8;1,5;0,9;0,2;2,1;1,8
;;Struisenburg;10;11;6;10;1;2,4;2,6;1,4;2,3;0,2
;;Kralingen-Crooswijk;79;76;64;102;94;1,5;1,5;1,3;2,1;1,9
;;Rotterdam;2456;2570;2564;1996;2138;4,2;4,4;4,4;3,4;3,6

;;1.2.5 aangiften diefstal af/uit/van overige voertuigen;;;;;;;;;;
;;;absoluut;;;;;genormaliseerd;;;;
;;;2006;2007;2008;2009;2011;2006;2007;2008;2009;2011
;;Rubroek;8;11;10;8;6;1,1;1,4;1,3;1;0,7
;;Nieuw Crooswijk;7;6;13;8;4;1,8;1,8;4,9;3,5;1,8
;;Oud Crooswijk;16;6;6;8;8;1,9;0,7;0,8;1;1
;;Kralingen West;20;16;13;18;14;1,2;1;0,8;1,2;0,9
;;Kralingen Oost/Kralingse Bos;10;16;14;19;8;1,5;2,4;2,1;2,8;1,1
;;De Esch;3;5;2;2;7;0,7;1,1;0,5;0,5;1,6
;;Struisenburg;5;9;6;5;5;1,2;2,2;1,4;1,2;1,1
;;Kralingen-Crooswijk;69;69;64;68;52;1,3;1,4;1,3;1,4;1
;;Rotterdam;682;850;834;780;729;1,2;1,5;1,4;1,3;1,2

;;2.5.2 aangiften winkeldiefstal;;;;;;;;;;
;;;absoluut;;;;;genormaliseerd;;;;
;;;2006;2007;2008;2009;2011;2006;2007;2008;2009;2011
;;Rubroek;5;8;20;14;19;83,3;111,1;274;205,9;296,9
;;Nieuw Crooswijk;2;1;1;0;0;74,1;16,1;16,1;0;0
;;Oud Crooswijk;7;2;5;4;0;194,4;40;94,3;80;0
;;Kralingen West;19;18;12;25;6;127,5;104,1;68,2;146,2;38
;;Kralingen Oost/Kralingse Bos;0;2;2;0;1;0;21,1;20,6;0;10,8
;;De Esch;1;3;5;6;8;83,3;66,7;108,7;127,7;200
;;Struisenburg;3;1;1;0;1;90,9;23,8;25,6;0;28,6
;;Kralingen-Crooswijk;37;35;46;49;35;100,8;64,9;84,2;92,8;72,5
;;Rotterdam;1377;1227;1004;1050;775;263,1;178,9;147,7;156,6;122

;;1.6.2 aangiften overige vermogensdelicten;;;;;;;;;;
;;;absoluut;;;;;genormaliseerd;;;;
;;;2006;2007;2008;2009;2011;2006;2007;2008;2009;2011
;;Rubroek;68;64;70;71;67;8,9;8,2;9;9;8,3
;;Nieuw Crooswijk;20;24;25;19;21;5;7,1;9,4;8,3;9,7
;;Oud Crooswijk;53;52;54;52;58;6,3;6,4;6,8;6,5;7,3
;;Kralingen West;128;122;118;94;103;8;7,8;7,7;6,1;6,6
;;Kralingen Oost/Kralingse Bos;165;145;125;117;164;24,2;21,3;18,3;16,9;22,9
;;De Esch;50;33;20;29;42;10,9;7,5;4,6;6,6;9,6
;;Struisenburg;50;68;67;36;28;12;16,3;15,7;8,3;6,1
;;Kralingen-Crooswijk;534;508;479;418;483;10,4;10,1;9,7;8,5;9,7
;;Rotterdam;6743;6410;6346;6196;7209;11,5;11;10,9;10,6;12,1

Drugsoverlast;;;;;;;;

;;buurtprobleem drugsoverlast;;;;;;
;;% vaak;2006;2007;2008;2009;2011;
;;Rubroek;4,8;5,2;6;7,4;11,5;
;;Nieuw Crooswijk;7,3;7,4;8,3;14,6;9;
;;Oud Crooswijk;7,8;7,4;10,9;11,6;12,9;
;;Kralingen West;8,7;5;11,8;12,3;10,7;
;;Kralingen Oost/Kralingse Bos;4;3,3;1,3;2;0,9;
;;De Esch;2,7;6,9;7,2;12,3;11,9;
;;Struisenburg;5,7;2,6;6,8;6,3;4,8;
;;Kralingen-Crooswijk;6,5;5,3;8,3;9,6;9,3;
;;Rotterdam;8,2;6,7;9,9;10,2;10,1;

;;2.1.1 meldingen drugsoverlast;;;;;;
;;;absoluut;;;;;genormaliseerd
;;% vaak;2006;2007;2008;2009;2011;2006;2007;2008;2009;2011
;;Rubroek;17;16;18;8;11;2,2;2,1;2,3;1;1,4
;;Nieuw Crooswijk;9;13;6;5;6;2,3;3,8;2,2;2,2;2,8
;;Oud Crooswijk;18;14;14;10;12;2,2;1,7;1,8;1,2;1,5
;;Kralingen West;18;25;25;27;18;1,1;1,6;1,6;1,7;1,2
;;Kralingen Oost/Kralingse Bos;11;6;6;3;2;1,6;0,9;0,9;0,4;0,3
;;De Esch;10;10;13;12;1;2,2;2,3;3;2,7;0,2
;;Struisenburg;23;17;16;22;11;5,5;4,1;3,8;5,1;2,4
;;Kralingen-Crooswijk;106;101;98;87;61;2,1;2;2;1,8;1,2
;;Rotterdam;1242;1135;1071;1022;726;2,1;2;1,8;1,7;1,2

Geweld;;;;;;;;;;;;

;;buurtprobleem bedreiging;;;;;;;;;;
;;% vaak;2006;2007;2008;2009;2011;;;;;
;;Rubroek;2,8;2,6;6,4;3,9;4,8;;;;;
;;Nieuw Crooswijk;2,8;4,8;5,6;5,9;7
;;Oud Crooswijk;5,2;1,3;5,7;10,7;6,9
;;Kralingen West;3,9;2,8;4,8;3,5;4,7
;;Kralingen Oost/Kralingse Bos;1,1;1,3;1,9;0,8;0,8
;;De Esch;1,1;1,2;4,4;1,6;2,8
;;Struisenburg;3,3;0;1,7;0,5;2,6
;;Kralingen-Crooswijk;3,2;2,1;4,5;4;4,3
;;Rotterdam;3,3;3,1;4,5;4,8;5,8

;;buurtprobleem geweldsdelicten;;;;;
;;% vaak;2006;2007;2008;2009;2011
;;Rubroek;2,3;5,9;5,5;3,8;3,9
;;Nieuw Crooswijk;5;4,9;6,2;6;1,6
;;Oud Crooswijk;7,2;3,3;6,2;7,7;4
;;Kralingen West;5;2,2;4;1,6;4,7
;;Kralingen Oost/Kralingse Bos;1,6;2;1,4;1,1;1,3
;;De Esch;0,6;5,5;2,4;2,5;5,4
;;Struisenburg;3,3;0;1,2;1,4;1,5
;;Kralingen-Crooswijk;4;3,2;4;3,1;3,6
;;Rotterdam;3,9;3,7;4,6;4,7;5,9

;;buurtprobleem tasjesroof;;;;;
;;% vaak;2006;2007;2008;2009;2011
;;Rubroek;1,1;2,5;1,6;1,6;1,5
;;Nieuw Crooswijk;1,6;2,1;2,4;7,9;0
;;Oud Crooswijk;1,7;4;5;6,2;5,1
;;Kralingen West;4,8;3,3;4;2,2;2,2
;;Kralingen Oost/Kralingse Bos;1,7;0,7;1,2;0,8;0,8
;;De Esch;0;3,1;1,4;0,9;2,5
;;Struisenburg;2,3;0;2,2;1,9;1,1
;;Kralingen-Crooswijk;2,5;2,5;2,9;2,7;2,2
;;Rotterdam;3,2;2,8;3,4;3;3,4

;;slachtofferschap tasjesroof met geweld;;;;;
;;% slachtofferschap;2006;2007;2008;2009;2011
;;Rubroek;0,6;0,7;0;0;0
;;Nieuw Crooswijk;0;1,3;0,5;0;0
;;Oud Crooswijk;0,6;0,7;0,3;0;0
;;Kralingen West;1,8;0;0,5;0,2;0,6
;;Kralingen Oost/Kralingse Bos;1,6;0;0;0;0,3
;;De Esch;0;0;0;0,2;0
;;Struisenburg;0;0,7;0;0,3;0,7
;;Kralingen-Crooswijk;0,9;0,4;0,2;0,1;0,3
;;Rotterdam;0,5;0,5;0,3;0,2;0,2

;;slachtofferschap tasjesroof zonder geweld;;;;;
;;% slachtofferschap;2006;2007;2008;2009;2011
;;Rubroek;0;0,7;2,4;1,2;1,5
;;Nieuw Crooswijk;0;0,6;1,6;1,6;2,1
;;Oud Crooswijk;2,9;0,7;1,5;1,6;1,3
;;Kralingen West;0,4;1,6;1,3;1,3;1,3
;;Kralingen Oost/Kralingse Bos;1,7;0,7;1,6;2,4;1,1
;;De Esch;0,5;0,6;0,8;0,5;0,9
;;Struisenburg;1,1;0,7;2,2;0,7;0,5
;;Kralingen-Crooswijk;1;1;1,6;1,4;1,2
;;Rotterdam;1,3;1,3;1,3;1,2;1,2

;;slachtofferschap bedreiging met geweld;;;;;
;;% slachtofferschap;2006;2007;2008;2009;2011
;;Rubroek;2,8;2,6;1,7;2,3;1,4
;;Nieuw Crooswijk;2,3;4,1;2,9;4,3;3,8
;;Oud Crooswijk;1,2;1,3;3,3;5,3;2,5
;;Kralingen West;2,2;1,1;4,4;5,8;2,6
;;Kralingen Oost/Kralingse Bos;2,2;1,3;2,4;2,9;1,3
;;De Esch;1,1;4,4;2,7;2,6;2,1
;;Struisenburg;0;1,3;2,4;3,7;3,9
;;Kralingen-Crooswijk;1,8;1,9;3,1;2,7;2,3
;;Rotterdam;2,8;2,6;2,8;2,9;3,1

;;slachtofferschap mishandeling;;;;;
;;% slachtofferschap;2006;2007;2008;2009;2011
;;Rubroek;0,5;0,7;0,3;1;0,9
;;Nieuw Crooswijk;0;0;0;0;0,5
;;Oud Crooswijk;1,2;0;0,3;1,2;1,1
;;Kralingen West;0,5;0;1,6;0,6;1,2
;;Kralingen Oost/Kralingse Bos;0,5;0;0,7;0;0,3
;;De Esch;0,5;1,2;1,4;0,3;0,5
;;Struisenburg;0;0;0,3;0;1
;;Kralingen-Crooswijk;0,5;0,2;0,9;0,5;0,9
;;Rotterdam;0,4;0,5;0,8;0,4;0,8

;;1.4.1 aangiften zedenmisdrijven;;;;;;;;;;
;;;absoluut;;;;;genormaliseerd;;;;
;;;2006;2007;2008;2009;2011;2006;2007;2008;2009;2011
;;Rubroek;5;5;7;5;1;0,7;0,6;0,9;0,6;0,1
;;Nieuw Crooswijk;4;2;5;2;2;1;0,6;1,9;0,9;0,9
;;Oud Crooswijk;1;2;1;5;4;0,1;0,3;0,1;0,6;0,5
;;Kralingen West;11;5;12;4;5;0,7;0,3;0,8;0,3;0,3
;;Kralingen Oost/Kralingse Bos;12;8;13;10;6;1,8;1,2;1,9;1,4;0,8
;;De Esch;4;1;3;3;1;0,9;0,2;0,7;0,7;0,2
;;Struisenburg;8;3;1;0;2;1,9;0,7;0,2;0;0,4
;;Kralingen-Crooswijk;45;26;42;29;21;0,9;0,5;0,9;0,6;0,4
;;Rotterdam;474;433;376;352;236;0,8;0,7;0,6;0,6;0,4

;;1.4.3 aangiften openlijke geweldpleging tegen personen;;;;;;;;;;
;;;absoluut;;;;;genormaliseerd;;;;
;;;2006;2007;2008;2009;2011;2006;2007;2008;2009;2011
;;Rubroek;3;9;4;6;10;0,4;1,2;0,5;0,8;1,2
;;Nieuw Crooswijk;0;0;2;1;0;0;0;0,7;0,4;0
;;Oud Crooswijk;5;5;6;2;6;0,6;0,6;0,8;0,2;0,8
;;Kralingen West;9;9;10;10;3;0,6;0,6;0,6;0,6;0,2
;;Kralingen Oost/Kralingse Bos;21;9;11;9;4;3,1;1,3;1,6;1,3;0,6
;;De Esch;0;0;4;2;0;0;0;0,9;0,5;0
;;Struisenburg;6;7;6;4;1;1,4;1,7;1,4;0,9;0,2
;;Kralingen-Crooswijk;44;39;43;34;24;0,9;0,8;0,9;0,7;0,5
;;Rotterdam;637;700;621;620;508;1,1;1,2;1,1;1,1;0,9

;;1.4.6 aangiften straatroof;;;;;;;;;;
;;;absoluut;;;;;genormaliseerd;;;;
;;;2006;2007;2008;2009;2011;2006;2007;2008;2009;2011
;;Rubroek;22;22;21;13;16;2,9;2,8;2,7;1,6;2
;;Nieuw Crooswijk;1;2;2;5;1;0,3;0,6;0,7;2,2;0,5
;;Oud Crooswijk;20;16;10;8;4;2,4;2;1,3;1;0,5
;;Kralingen West;45;25;29;20;34;2,8;1,6;1,9;1,3;2,2
;;Kralingen Oost/Kralingse Bos;18;19;14;12;15;2,6;2,8;2,1;1,7;2,1
;;De Esch;6;1;7;5;6;1,3;0,2;1,6;1,1;1,4
;;Struisenburg;8;5;6;2;7;1,9;1,2;1,4;0,5;1,5
;;Kralingen-Crooswijk;120;90;89;65;83;2,3;1,8;1,8;1,3;1,7
;;Rotterdam;1484;1262;1161;992;1018;2,5;2,2;2;1,7;1,7

;;1.4.7 aangiften overval;;;;;;;;;;
;;;absoluut;;;;;genormaliseerd;;;;
;;;2006;2007;2008;2009;2011;2006;2007;2008;2009;2011
;;Rubroek;2;2;3;2;5;0,3;0,3;0,4;0,3;0,6
;;Nieuw Crooswijk;2;3;2;3;0;0,5;0,9;0,7;1,3;0
;;Oud Crooswijk;5;1;0;3;2;0,6;0,1;0;0,4;0,3
;;Kralingen West;7;6;7;8;6;0,4;0,4;0,5;0,5;0,4
;;Kralingen Oost/Kralingse Bos;1;1;0;0;4;0,1;0,1;0;0;0,6
;;De Esch;0;1;0;0;2;0;0,2;0;0;0,5
;;Struisenburg;1;2;3;0;1;0,2;0,5;0,7;0;0,2
;;Kralingen-Crooswijk;18;16;15;16;20;0,3;0,3;0,3;0,3;0,4
;;Rotterdam;212;245;304;295;235;0,4;0,4;0,5;0,5;0,4

;;1.4.4 meldingen bedreiging;;;;;;;;;;
;;;absoluut;;;;;genormaliseerd;;;;
;;;2006;2007;2008;2009;2011;2006;2007;2008;2009;2011
;;Rubroek;11;21;25;18;21;1,4;2,7;3,2;2,3;2,6
;;Nieuw Crooswijk;16;16;9;9;7;4;4,7;3,4;3,9;3,2
;;Oud Crooswijk;20;22;24;25;25;2,4;2,7;3;3,1;3,2
;;Kralingen West;40;37;30;28;24;2,5;2,4;1,9;1,8;1,5
;;Kralingen Oost/Kralingse Bos;13;19;10;12;11;1,9;2,8;1,5;1,7;1,5
;;De Esch;12;8;9;11;8;2,6;1,8;2,1;2,5;1,8
;;Struisenburg;8;7;5;12;6;1,9;1,7;1,2;2,8;1,3
;;Kralingen-Crooswijk;120;130;112;115;102;2,3;2,6;2,3;2,3;2
;;Rotterdam;1723;1742;1591;1488;1287;2,9;3;2,7;2,5;2,2

;;1.4.5 meldingen mishandeling;;;;;;;;;;
;;;absoluut;;;;;genormaliseerd;;;;
;;;2006;2007;2008;2009;2011;2006;2007;2008;2009;2011
;;Rubroek;128;164;143;144;125;16,8;21,1;18,3;18,3;15,5
;;Nieuw Crooswijk;56;52;51;43;39;14,1;15,3;19,1;18,7;18
;;Oud Crooswijk;129;142;126;120;145;15,4;17,5;15,9;15;18,3
;;Kralingen West;221;216;229;222;185;13,8;13,8;14,9;14,3;11,9
;;Kralingen Oost/Kralingse Bos;67;65;63;86;93;9,8;9,5;9,2;12,4;13
;;De Esch;52;41;50;55;50;11,3;9,3;11,5;12,6;11,4
;;Struisenburg;59;63;64;36;28;14,2;15,1;15;8,3;6,1
;;Kralingen-Crooswijk;712;743;726;706;665;13,8;14,8;14,8;14,3;13,3
;;Rotterdam;10335;10639;10667;10882;9915;17,6;18,3;18,4;18,6;16,7

Inbraak;;;;;;;;;;;;

;;buurtprobleem woninginbraak;;;;;
;;% vaak;2006;2007;2008;2009;2011
;;Rubroek;10,2;16,3;9,2;8,3;7,4
;;Nieuw Crooswijk;15,1;9,7;15,9;20,5;13,6
;;Oud Crooswijk;11,1;12,7;15,7;16,8;11,3
;;Kralingen West;11,4;6,1;11,2;10,2;11,4
;;Kralingen Oost/Kralingse Bos;13,5;16,3;7,4;15,3;14,4
;;De Esch;8,8;13,8;9,8;5,6;8,4
;;Struisenburg;8,9;3,4;9,5;7,1;6,1
;;Kralingen-Crooswijk;11,3;10,8;11,1;11,5;10,5
;;Rotterdam;12,9;12;12,1;11,1;13,5

;;slachtofferschap poging tot inbraak;;;;;
;;% slachtofferschap;2006;2007;2008;2009;2011
;;Rubroek;2,8;3,3;2,6;2,1;2,4
;;Nieuw Crooswijk;5,8;6,8;3,7;2,2;3,8
;;Oud Crooswijk;8;4;6;5,4;1
;;Kralingen West;1,8;2,7;2,6;2,8;3,6
;;Kralingen Oost/Kralingse Bos;3,4;4,3;2,9;4,9;4,2
;;De Esch;2,2;2,4;1,9;1,6;1,6
;;Struisenburg;2,3;2,6;3,8;3,6;4,7
;;Kralingen-Crooswijk;3,5;3,5;3,3;3,3;3
;;Rotterdam;3,5;3,1;3;2,5;2,8

;;slachtofferschap woninginbraak;;;;;
;;% slachtofferschap;2006;2007;2008;2009;2011
;;Rubroek;1,1;2,5;3,6;0,9;0,4
;;Nieuw Crooswijk;3,4;1,3;3,1;4,9;2,3
;;Oud Crooswijk;2,3;2;2,1;2,4;0
;;Kralingen West;1,3;2,2;2,7;1,6;2,6
;;Kralingen Oost/Kralingse Bos;0,6;1,3;1,9;3,5;2,3
;;De Esch;0;2,4;1,6;0,8;0,8;;;;;
;;Struisenburg;1,7;1,3;1,8;2,8;2,1;;;;;
;;Kralingen-Crooswijk;1,4;2;2,5;2;1,6;;;;;
;;Rotterdam;2;2;2;1,4;1,3;;;;;

;;1.1.1 aangiften woninginbraak;;;;;;;;;;
;;;absoluut;;;;;genormaliseerd;;;;
;;;2006;2007;2008;2009;2011;2006;2007;2008;2009;2011
;;Rubroek;71;38;41;52;31;17,7;9,1;9,8;12,4;7,2
;;Nieuw Crooswijk;70;70;52;56;45;36,7;39,8;37,7;45,5;38
;;Oud Crooswijk;93;61;75;54;55;24,4;16,4;20,4;14,8;14,7
;;Kralingen West;130;81;133;131;109;16,9;10,6;17,7;17,2;14,4
;;Kralingen Oost/Kralingse Bos;46;33;61;73;55;14,9;10,7;19,9;23,5;17,1
;;De Esch;33;26;14;10;25;13;10,3;5,6;4;9,8
;;Struisenburg;31;21;18;40;28;13,1;8,8;7,5;16,5;11,3
;;Kralingen-Crooswijk;474;330;394;416;348;18,7;13,1;15,9;16,8;13,9
;;Rotterdam;4420;3779;4018;3756;3787;16,4;14;14,9;13,8;13,7

;;1.1.2 aangiften inbraak in garages, schuren en tuinhuizen;;;;;;;;;;
;;;absoluut;;;;;genormaliseerd;;;;
;;;2006;2007;2008;2009;2011;2006;2007;2008;2009;2011
;;Rubroek;110;60;37;30;27;27,4;14,4;8,8;7,1;6,3
;;Nieuw Crooswijk;58;17;9;8;5;30,4;9,7;6,5;6,5;4,2
;;Oud Crooswijk;143;38;25;59;49;37,6;10,2;6,8;16,1;13,1
;;Kralingen West;82;37;50;88;29;10,7;4,9;6,7;11,6;3,8
;;Kralingen Oost/Kralingse Bos;6;14;17;16;8;1,9;4,5;5,5;5,1;2,5
;;De Esch;16;11;6;8;10;6,3;4,4;2,4;3,2;3,9
;;Struisenburg;31;3;2;2;4;13,1;1,3;0,8;0,8;1,6
;;Kralingen-Crooswijk;446;180;146;211;132;17,6;7,1;5,9;8,5;5,3
;;Rotterdam;2629;1881;1746;1595;1295;9,8;7;6,5;5,8;4,7

;;2.5.1 aangiften inbraak in bedrijven/instellingen;;;;;;;;;;
;;;absoluut;;;;;genormaliseerd;;;;
;;;2006;2007;2008;2009;2011;2006;2007;2008;2009;2011
;;Rubroek;50;38;35;18;13;251,3;194,9;166,7;86,5;61,6
;;Nieuw Crooswijk;28;16;15;15;9;185,4;98,8;90,4;90,4;63,4
;;Oud Crooswijk;27;17;15;15;15;172;106,3;89,3;88,8;95,5
;;Kralingen West;69;56;66;35;40;152,3;124,2;136,1;69,9;83,5
;;Kralingen Oost/Kralingse Bos;104;112;68;71;44;201,9;220,5;129,5;140,3;77,7
;;De Esch;22;5;7;9;6;151,7;35;47,3;67,2;45,1
;;Struisenburg;23;26;14;14;6;129,2;141,3;77,3;76,9;31,3
;;Kralingen-Crooswijk;323;270;220;177;133;179,6;149,8;116,8;94,9;70,7
;;Rotterdam;2730;2271;1957;1947;1237;132,4;108,7;90,9;89,2;55,2

Vandalisme;;;;;;;;;;;;

;;buurtprobleem bekladding muren/gebouwen;;;;;;;;;;
;;% vaak;2006;2007;2008;2009;2011;;;;;
;;Rubroek;18,1;19;27,9;23,7;23,2
;;Nieuw Crooswijk;10,6;15,9;11,5;21,9;15,4
;;Oud Crooswijk;12,4;14,6;21,4;20;16
;;Kralingen West;13,6;20,2;21,1;21,3;13,3
;;Kralingen Oost/Kralingse Bos;12,4;13,9;18,1;12,6;8,8
;;De Esch;13,2;8,1;13,4;8,9;9,4
;;Struisenburg;11,9;11,8;12,6;10,1;4,3
;;Kralingen-Crooswijk;13,5;16,2;19,9;18,2;13,6
;;Rotterdam;14,3;14,9;18,7;17;13,9

;;buurtprobleem vernieling telefooncellen/bus- of tramhokjes ;;;;;
;;% vaak;2006;2007;2008;2009;2011
;;Rubroek;15,1;7,2;12,7;9,9;5,4
;;Nieuw Crooswijk;16;15,8;16,3;37,3;17,5
;;Oud Crooswijk;9;12;18,5;19,1;11,1
;;Kralingen West;9;9,9;11,4;6;4,1
;;Kralingen Oost/Kralingse Bos;2,3;6,6;6,9;2,7;3,9
;;De Esch;17,6;19,7;16,8;16;8
;;Struisenburg;7,3;3,3;7,6;2,3;3,1
;;Kralingen-Crooswijk;10,1;10,1;12,5;10,3;6,2
;;Rotterdam;18,6;17,7;19,4;16,2;11,8

;;slachtofferschap overige beschadiging/vernieling;;;;;
;;% slachtofferschap;2006;2007;2008;2009;2011
;;Rubroek;1,1;3,3;12,5;9;7,7
;;Nieuw Crooswijk;0;0,7;7,5;7,1;7,1
;;Oud Crooswijk;1,7;1,3;12;7,7;7,7
;;Kralingen West;4,8;1,6;10,5;11;6,3
;;Kralingen Oost/Kralingse Bos;2,3;3,3;5,9;8,5;7,3
;;De Esch;1,1;1,8;8,4;4,8;5,1
;;Struisenburg;0,6;0;7,9;8,1;8,8
;;Kralingen-Crooswijk;2,3;1,9;9,9;8,8;7,1
;;Rotterdam;3,7;2,7;8,1;7,3;6,5;;;;;

;;2.2.1 meldingen vernieling cq zaakbeschadiging;;;;;;;;;;
;;;absoluut;;;;;genormaliseerd;;;;
;;;2006;2007;2008;2009;2011;2006;2007;2008;2009;2011
;;Rubroek;96;86;55;63;55;12,6;11,1;7;8;6,8
;;Nieuw Crooswijk;35;49;31;17;10;8,8;14,4;11,6;7,4;4,6
;;Oud Crooswijk;66;41;53;54;20;7,9;5,1;6,7;6,7;2,5
;;Kralingen West;99;107;116;98;50;6,2;6,8;7,5;6,3;3,2
;;Kralingen Oost/Kralingse Bos;50;51;54;37;28;7,3;7,5;7,9;5,4;3,9
;;De Esch;26;20;23;25;10;5,7;4,5;5,3;5,7;2,3
;;Struisenburg;22;21;27;14;17;5,3;5;6,3;3,2;3,7
;;Kralingen-Crooswijk;394;375;359;308;190;7,6;7,4;7,3;6,2;3,8
;;Rotterdam;3972;3999;3803;3203;2376;6,8;6,9;6,6;5,5;4

;;meldingen kleine buitenbranden;;;;;;;;;;
;;;absoluut;;;;;genormaliseerd;;;;
;;;2006;2007;2008;2009;2011;2006;2007;2008;2009;2011
;;Rubroek;19;8;11;6;7;3,6;1,5;2,1;1,1;1,3
;;Nieuw Crooswijk;11;7;6;3;3;1;0,6;0,5;0,3;0,3
;;Oud Crooswijk;16;6;8;6;8;3;1,1;1,5;1,1;1,5
;;Kralingen West;11;14;24;15;11;1;1,3;2,3;1,4;1
;;Kralingen Oost/Kralingse Bos;9;11;15;12;10;0,1;0,2;0,2;0,2;0,2
;;De Esch;2;12;4;5;5;0,1;0,5;0,2;0,2;0,2
;;Struisenburg;0;1;3;3;0;0;0,2;0,5;0,5;0
;;Kralingen-Crooswijk;68;59;71;50;44;0,5;0,5;0,6;0,4;0,3
;;Rotterdam;967;970;900;849;556;0,7;0,7;0,7;0,6;0,4

Overlast;;;;;;;;;;;;

;;buurtprobleem overlast van groepen jongeren;;;;;;;;;;
;;% vaak;2006;2007;2008;2009;2011;;;;;
;;Rubroek;17,5;21,5;31,4;31,7;37,1
;;Nieuw Crooswijk;20,6;15,8;19,7;21,7;15,9
;;Oud Crooswijk;23;15,3;29,2;32,4;31,5
;;Kralingen West;12,9;15,4;25,8;25;27,5
;;Kralingen Oost/Kralingse Bos;6,6;5,4;8,9;9,5;5,7
;;De Esch;11;14,1;15,1;13,8;12,2
;;Struisenburg;6,7;2,6;10;8,7;6,2
;;Kralingen-Crooswijk;14,2;13,8;22,2;22,5;22,7
;;Rotterdam;14,3;14;19,1;20,1;20

;;buurtprobleem dronken mensen op straat;;;;;
;;% vaak;2006;2007;2008;2009;2011
;;Rubroek;10,2;6,6;14,3;18;15,5
;;Nieuw Crooswijk;2,7;2,8;6,3;16,6;8,4
;;Oud Crooswijk;7,7;6;10,4;11,8;12,3
;;Kralingen West;9,5;4,4;11,3;14;15,4
;;Kralingen Oost/Kralingse Bos;2,3;2,6;5,9;4,9;4,8
;;De Esch;1,1;2,1;4,6;3,1;5,8
;;Struisenburg;5,7;4;14,7;12,1;6,9
;;Kralingen-Crooswijk;6,7;4,4;10,3;12;11,5
;;Rotterdam;5,4;5;8,7;10,5;11,1

;;buurtprobleem lastig gevallen worden op straat;;;;;
;;% vaak;2006;2007;2008;2009;2011
;;Rubroek;3,3;0,7;6,8;7,9;7,7
;;Nieuw Crooswijk;5;3,5;7,8;8,2;5,5
;;Oud Crooswijk;2,8;1,3;9,3;12,3;8,5
;;Kralingen West;5;1,7;8,7;5,5;5,9
;;Kralingen Oost/Kralingse Bos;0;0,7;2;1,7;1,2
;;De Esch;0;4,4;4,2;0,8;1,9
;;Struisenburg;2,8;0;2,4;2,4;1
;;Kralingen-Crooswijk;3,1;1,5;6,6;5,9;5,1
;;Rotterdam;3,1;2,6;5,6;6,2;6,4;;;;;

;;2.4.1 meldingen burengerucht (relatieproblemen);;;;;;;;;;
;;;absoluut;;;;;genormaliseerd;;;;
;;;2006;2007;2008;2009;2011;2006;2007;2008;2009;2011
;;Rubroek;196;225;228;218;207;25,7;28,9;29,2;27,6;25,6
;;Nieuw Crooswijk;121;119;75;93;94;30,5;35;28,1;40,4;43,3
;;Oud Crooswijk;215;158;192;219;273;25,7;19,5;24,2;27,3;34,4
;;Kralingen West;460;407;474;475;510;28,7;26;30,8;30,7;32,7
;;Kralingen Oost/Kralingse Bos;88;102;88;88;109;12,9;15;12,9;12,7;15,2
;;De Esch;142;144;138;128;119;31;32,5;31,7;29,3;27,1
;;Struisenburg;74;97;71;102;94;17,8;23,3;16,7;23,6;20,6
;;Kralingen-Crooswijk;1296;1252;1266;1323;1406;25,2;24,9;25,7;26,8;28,2
;;Rotterdam;15483;15318;16151;16936;16299;26,4;26,3;27,8;29;27,4

;;2.7.1 meldingen overlast;;;;;;;;;;
;;;absoluut;;;;;genormaliseerd;;;;
;;;2006;2007;2008;2009;2011;2006;2007;2008;2009;2011
;;Rubroek;228;260;231;142;159;29,9;33,4;29,6;18;19,7
;;Nieuw Crooswijk;89;55;35;29;18;22,5;16,2;13,1;12,6;8,3
;;Oud Crooswijk;274;164;116;149;107;32,7;20,2;14,6;18,6;13,5
;;Kralingen West;378;321;274;272;265;23,6;20,5;17,8;17,6;17
;;Kralingen Oost/Kralingse Bos;130;107;87;88;62;19,1;15,7;12,8;12,7;8,6
;;De Esch;100;93;67;65;41;21,8;21;15,4;14,9;9,3
;;Struisenburg;60;39;43;41;55;14,4;9,4;10,1;9,5;12,1
;;Kralingen-Crooswijk;1259;1039;853;786;707;24,4;20,6;17,3;15,9;14,2
;;Rotterdam;11983;10454;9484;9740;8323;20,4;18;16,3;16,7;14

Schoon en heel;;;;;;;;;;;;

;;buurtprobleem vervuiling op straat;;;;;;;;;;
;;% vaak;2006;2007;2008;2009;2011;;;;;
;;Rubroek;43,1;40,4;52,6;43,9;48,4
;;Nieuw Crooswijk;45,1;36,9;46,8;48,3;45,9
;;Oud Crooswijk;34,3;35,1;40,1;47,7;38,4
;;Kralingen West;41,4;40;40,1;42,1;35,3
;;Kralingen Oost/Kralingse Bos;23,2;28;24,9;22,3;21,5
;;De Esch;29;22,2;29,2;25,2;30,1
;;Struisenburg;26,4;30,9;33,6;28,1;16,3
;;Kralingen-Crooswijk;35,9;35,1;38,8;38;34,2
;;Rotterdam;33,8;32,9;36,3;36;33,9

;;buurtprobleem hondenpoep op straat;;;;;
;;% vaak;2006;2007;2008;2009;2011
;;Rubroek;36,3;41,7;39,8;36,4;37,2
;;Nieuw Crooswijk;42,9;27,3;46,7;44,8;34,4
;;Oud Crooswijk;38;38,6;43,1;48;33,7
;;Kralingen West;35,7;38,4;28,3;27,7;28,2
;;Kralingen Oost/Kralingse Bos;36;37,9;34,3;27,4;27
;;De Esch;24,1;27,2;19;21,1;24,2
;;Struisenburg;30,2;32,2;22,4;24,5;21
;;Kralingen-Crooswijk;35,3;36,6;33;32,3;29,6
;;Rotterdam;38,1;35,9;36,5;35,1;32,4

;;buurtprobleem vuil naast de container;;;;;
;;% vaak;2006;2007;2008;2009;2011
;;Rubroek;45,6;35,7;53;60,5;61,3
;;Nieuw Crooswijk;36;24;45,4;54,4;44,5
;;Oud Crooswijk;33,5;42,5;52,3;55,2;54,1
;;Kralingen West;41,2;41,3;52,8;52,4;41,1
;;Kralingen Oost/Kralingse Bos;16,9;14,2;19,1;23,8;22,5
;;De Esch;25,7;25,9;38,4;34,9;40,3
;;Struisenburg;23,6;22,4;45,3;41,3;31,8
;;Kralingen-Crooswijk;34;32,9;45,7;47,7;43
;;Rotterdam;23,9;23,6;37,1;37,5;35,9

;;buurtprobleem wildplassen;;;;;
;;% vaak;2006;2007;2008;2009;2011
;;Rubroek;13;17,6;32,5;31,3;31,3
;;Nieuw Crooswijk;6,7;9;21,5;23,9;19,6
;;Oud Crooswijk;7,4;8;27,5;25,5;25,8
;;Kralingen West;13,3;12,6;21,1;21,3;20,2
;;Kralingen Oost/Kralingse Bos;4;4,7;8,3;6,5;8,8
;;De Esch;4,4;6,1;10,4;13,9;9,9
;;Struisenburg;7,3;8,5;16,4;17,1;9
;;Kralingen-Crooswijk;9,2;10,4;20,8;20,6;19,3
;;Rotterdam;9,9;9,3;18;19,3;17,9

;;buurtprobleem gaten of verzakkingen in de bestrating;;;;;
;;% vaak;2006;2007;2008;2009;2011
;;Rubroek;16,6;17;32;22,7;25,2
;;Nieuw Crooswijk;15,9;16,5;35,7;36,9;33,2
;;Oud Crooswijk;14,8;15;27,7;27,8;21,2
;;Kralingen West;23;17;28,1;24;28,5
;;Kralingen Oost/Kralingse Bos;19,2;26,5;31,6;25;26
;;De Esch;12,1;13,5;13;20,1;19,8
;;Struisenburg;10,1;14,5;19;20,4;14,7
;;Kralingen-Crooswijk;17,6;17,4;27,4;24,5;24,6
;;Rotterdam;21,7;21,2;26,5;25,4;23,5

;;buurtprobleem vernield of kapot straatmeubilair;;;;;
;;% vaak;2006;2007;2008;2009;2011
;;Rubroek;8;5,9;15,5;12,9;14
;;Nieuw Crooswijk;5,7;7,6;19,4;21;16
;;Oud Crooswijk;8,5;2,7;12,3;15,8;10
;;Kralingen West;9,1;4,4;10;11,4;9,5
;;Kralingen Oost/Kralingse Bos;2,8;5,3;9,6;8,5;4,9;;;;;
;;De Esch;2,2;6,1;8,5;6,7;5,1;;;;;
;;Struisenburg;2,8;2;8,1;5;1,5;;;;;
;;Kralingen-Crooswijk;6,6;4,6;11,4;11,4;8,8;;;;;
;;Rotterdam;8;8;13;12,8;10,4;;;;;

;;score op de productnormering;;;;;;;;;;
;;;Schoon;;;;;Heel;;;;
;;;2006;2007;2008;2009;2011;2006;2007;2008;2009;2011
;;Rubroek;3,8;3,8;4;4,5;4,5;3,6;3,8;2,9;4;4
;;Nieuw Crooswijk;4,2;4,4;4,3;4,4;4,5;3,8;3,8;3,8;3,6;4
;;Oud Crooswijk;3,9;4,1;4,2;4,4;4,4;3,7;3,7;2,9;3,9;4,1
;;Kralingen West;3,7;3,8;4;4,3;4,5;3,4;3,7;3,7;3,8;4,1
;;Kralingen Oost/Kralingse Bos;4;4,3;4,1;4,4;4,5;3,7;4;3,9;3,9;4,1
;;De Esch;4,2;4,3;4,4;4,4;4,4;3,6;3,9;4,2;4;3,9
;;Struisenburg;3,8;4;4,2;4,3;4,5;3,4;3,5;2,8;3,8;4
;;Kralingen-Crooswijk;3,8;4;4,1;4,4;4,5;3,5;3,7;3,5;3,9;4,1
;;Rotterdam;4,1;4,2;4,2;4,4;4,5;3,7;3,7;3,7;3,9;4,1

Verkeer;;;;;;;;;;;;

;;buurtprobleem aanrijdingen;;;;;;;;;;
;;% vaak;2006;2007;2008;2009;2011;;;;;
;;Rubroek;9;7,1;11,8;17,9;15,1;;;;;
;;Nieuw Crooswijk;4,5;4,8;9;16,9;4;;;;;
;;Oud Crooswijk;8,3;6,7;16,9;20,7;13,6;;;;;
;;Kralingen West;3,9;2,2;5,7;6,8;7,2;;;;;
;;Kralingen Oost/Kralingse Bos;1,7;2;8,8;4,8;4,6;;;;;
;;De Esch;2,2;0,6;1,9;2,8;1,5;;;;;
;;Struisenburg;7,4;6,6;21,7;17,1;17,4;;;;;
;;Kralingen-Crooswijk;5,2;4;10,2;11,5;9,5;;;;;
;;Rotterdam;6,2;4,9;8,9;9,8;9;;;;;

;;buurtprobleem agressief verkeersgedrag;;;;;
;;% vaak;2006;2007;2008;2009;2011
;;Rubroek;17,5;24;24,2;23,1;22,3
;;Nieuw Crooswijk;21,9;14,5;18,4;29,7;18,5
;;Oud Crooswijk;17;20,6;26,8;28,4;22,6
;;Kralingen West;15,8;12,6;17,3;18,5;19,2
;;Kralingen Oost/Kralingse Bos;12,6;14,4;16,7;9,6;12,4
;;De Esch;9,9;11,1;11,7;10,1;10,1
;;Struisenburg;19,3;21,7;20,1;21,6;18,3
;;Kralingen-Crooswijk;16;16,6;19,6;19,6;18,3
;;Rotterdam;21,1;19,5;19,5;20,2;18,9

;;slachtofferschap aanrijding met doorrijden;;;;;
;;% slachtofferschap;2006;2007;2008;2009;2011
;;Rubroek;0;0;0,4;0,2;1,4
;;Nieuw Crooswijk;0,5;0;1,5;0,9;1,4
;;Oud Crooswijk;0,5;0;1,4;1,7;1,6
;;Kralingen West;0,4;0;1;0,8;2,1
;;Kralingen Oost/Kralingse Bos;1,1;0;1;0,8;0,8
;;De Esch;0;1,2;0,7;0,6;0,8
;;Struisenburg;0;1,3;1;0,7;0,2
;;Kralingen-Crooswijk;0,4;0,2;1;0,8;1,4
;;Rotterdam;0,8;0,8;0,8;0,9;1

;;slachtofferschap aanrijding zonder doorrijden;;;;;
;;% slachtofferschap;2006;2007;2008;2009;2011
;;Rubroek;0,6;2,6;3,8;2,3;2,1
;;Nieuw Crooswijk;2,4;0;0,4;3,4;4
;;Oud Crooswijk;0,6;0,7;2,3;4,4;2,9
;;Kralingen West;0,9;1,6;3,6;3,5;3,1
;;Kralingen Oost/Kralingse Bos;1,7;5,9;2,8;2,7;3,2
;;De Esch;1,1;2;1;2,3;2,2;;;;;
;;Struisenburg;0,6;2,6;3,8;3,6;3,6;;;;;
;;Kralingen-Crooswijk;1;2,2;2,9;3,2;2,9;;;;;
;;Rotterdam;2;2,3;3,1;3,3;3;;;;;

;;1.3.1 meldingen verkeersongevallen;;;;;;;;;;
;;;absoluut;;;;;genormaliseerd;;;;
;;;2006;2007;2008;2009;2011;2006;2007;2008;2009;2011
;;Rubroek;150;173;127;139;95;19,7;22,2;16,2;17,6;11,8
;;Nieuw Crooswijk;98;85;54;62;45;24,7;25;20,2;26,9;20,7
;;Oud Crooswijk;166;134;152;112;127;19,8;16,5;19,2;14;16
;;Kralingen West;142;135;122;136;105;8,9;8,6;7,9;8,8;6,7
;;Kralingen Oost/Kralingse Bos;230;188;176;177;162;33,8;27,6;25,8;25,6;22,6
;;De Esch;112;114;97;90;73;24,4;25,7;22,3;20,6;16,6
;;Struisenburg;97;108;73;79;52;23,3;25,9;17,1;18,3;11,4
;;Kralingen-Crooswijk;995;937;801;795;659;19,3;18,6;16,3;16,1;13,2
;;Rotterdam;10352;10242;9755;9636;7830;17,7;17,6;16,8;16,5;13,2

Overig;;;;;;;;;;;;

;;tevredenheid met het wonen in de buurt ;;;;;;;;;;
;;% (zeer) tevreden;2006;2007;2008;2009;2011;;;;;
;;Rubroek;71,1;70,6;68;75,1;66,9;;;;;
;;Nieuw Crooswijk;64,3;57,7;56,6;61,1;65,2;;;;;
;;Oud Crooswijk;67,9;78,1;69,2;65,9;65;;;;;
;;Kralingen West;78,5;77,4;70,9;72,3;75,9;;;;;
;;Kralingen Oost/Kralingse Bos;80,8;87,7;94,4;93;94,9;;;;;
;;De Esch;79,3;80,2;82,8;81,6;79;;;;;
;;Struisenburg;85;88,1;84,2;84,3;85;;;;;
;;Kralingen-Crooswijk;75,5;77,6;74,8;76;76,1;;;;;
;;Rotterdam;79,4;79,9;75;73,4;74,4;;;;;



;;;;;;;
;;;;;;;
;;;;;;;
;;;;;;;
;;;;;;;
;;;;;;;
;;;;;;;
;;;;;;;
;;;;;;;



;;;;;;;
;;;;;;;
;;;;;;;
;;;;;;;
;;;;;;;
;;;;;;;
;;;;;;;
;;;;;;;
;;;;;;;



;;;;;;;
;;;;;;;
;;;;;;;
;;;;;;;
;;;;;;;
;;;;;;;
;;;;;;;
;;;;;;;
;;;;;;;



;;;;;;;
;;;;;;;
;;;;;;;
;;;;;;;
;;;;;;;
;;;;;;;
;;;;;;;
;;;;;;;
;;;;;;;



;;;;;;;
;;;;;;;
;;;;;;;
;;;;;;;
;;;;;;;
;;;;;;;
;;;;;;;
;;;;;;;
;;;;;;;



;;;;;;;
;;;;;;;
;;;;;;;
;;;;;;;
;;;;;;;
;;;;;;;
;;;;;;;
;;;;;;;
;;;;;;;



;;;;;;;
;;;;;;;
;;;;;;;
;;;;;;;
;;;;;;;
;;;;;;;
;;;;;;;
;;;;;;;
;;;;;;;
