Noord;;;;;;;


Diefstal;;;;;;;
;;buurtprobleem fietsendiefstal;;;;;
;;% vaak;2006;2007;2008;2009;2011
;;Agniesebuurt;30,2;21,5;27,8;24,4;27,1
;;Provenierswijk;29,4;27;32,4;24;29,7
;;Bergpolder;25,7;23,5;18,4;17,8;20,8
;;Blijdorp;23;22,7;20,4;15,9;19,8
;;Liskwartier;21,8;23,6;22,3;22,7;23,4
;;Oude Noorden;31,7;21,9;35,8;26;24,8
;;Noord;27,3;23;27,3;22,1;23,7
;;Rotterdam;18,7;18,2;20;18,5;18,2

;;buurtprobleem diefstal uit de auto;;;;;
;;% vaak;2006;2007;2008;2009;2011
;;Agniesebuurt;31;28,1;24;24,1;17,8
;;Provenierswijk;22,1;20,3;15,6;14,1;18
;;Bergpolder;12;15;13,6;12,7;11,9
;;Blijdorp;13,8;11,7;9,7;10,8;15,7
;;Liskwartier;17,6;18,9;14,6;16,4;14,7
;;Oude Noorden;34,4;19,6;24,7;20,2;17
;;Noord;23,1;18,1;17,8;16,5;15,8
;;Rotterdam;16,6;15,8;15,4;15,7;14,1

;;buurtprobleem beschadiging aan of diefstal vanaf de auto;;;;;
;;% vaak;2006;2007;2008;2009;2011
;;Agniesebuurt;25,8;29,5;22,1;26,9;22,3
;;Provenierswijk;16,3;17,9;23,2;21,4;21,9
;;Bergpolder;9,2;13,1;11,8;10,8;14,3
;;Blijdorp;8;8,5;10,8;5,7;7,8
;;Liskwartier;17,1;18,9;15,8;18,1;17,4
;;Oude Noorden;33,2;18,7;24,7;24,5;21,5
;;Noord;20,2;16,8;18,5;17,8;17,3
;;Rotterdam;16,9;16,8;18,2;18,2;17,2

;;slachtofferschap autodiefstal;;;;;
;;% slachtofferschap;2006;2007;2008;2009;2011
;;Agniesebuurt;1,5;1,2;2,5;0;1,3
;;Provenierswijk;0;0;1,1;1,1;0
;;Bergpolder;0;1,8;2,4;0,5;0
;;Blijdorp;1,2;0;0,8;1,1;0,6
;;Liskwartier;1,3;2,2;1,9;0,4;0
;;Oude Noorden;0;0,8;0,9;1,4;0
;;Noord;0,6;1;1,4;0,9;0,2
;;Rotterdam;0,7;0,5;1,2;1;0,6

;;slachtofferschap diefstal uit de auto;;;;;
;;% slachtofferschap;2006;2007;2008;2009;2011
;;Agniesebuurt;14,5;12,6;10,8;5,8;6,3
;;Provenierswijk;7,7;6,8;4,6;3,5;8,3
;;Bergpolder;9,9;8,4;8,3;8;7,4
;;Blijdorp;7,1;3,5;6,7;6,4;5,5
;;Liskwartier;6,3;9,8;9,4;5,4;7,5
;;Oude Noorden;10,7;13,7;10,6;7;2,3
;;Noord;9,2;9,4;8,8;6,3;5,3
;;Rotterdam;7,1;6,8;5,8;4,9;4

;;slachtofferschap diefstal vanaf de auto;;;;;
;;% slachtofferschap;2006;2007;2008;2009;2011
;;Agniesebuurt;34,3;36,9;32,4;27,7;18,3
;;Provenierswijk;42,9;32,8;34,9;15;20,6
;;Bergpolder;54,6;21,4;27,3;16,5;23,1
;;Blijdorp;22;14,6;20,4;18,8;15
;;Liskwartier;31,5;37,9;31,4;18,7;16,4
;;Oude Noorden;51;27,1;24,4;18,5;17,6
;;Noord;41,4;26,9;26,5;18,6;17,9
;;Rotterdam;29,6;30,5;25,2;15,7;14,7

;;slachtofferschap fietsendiefstal;;;;;
;;% slachtofferschap;2006;2007;2008;2009;2011
;;Agniesebuurt;5,9;8,5;7,2;6,6;7,4
;;Provenierswijk;12;12,1;12,9;5;10
;;Bergpolder;10,6;9,3;15,6;8,9;8
;;Blijdorp;9,3;8,2;12,8;6,4;4,1
;;Liskwartier;11,2;10,8;10,8;4,9;6,9
;;Oude Noorden;5,8;7,4;14,4;4,8;7,1
;;Noord;8,9;8,9;13;6;6,8
;;Rotterdam;5,3;5,2;9,1;3,9;5;;;;;

;;slachtofferschap overige diefstal;;;;;;;;;;
;;% slachtofferschap;2006;2007;2008;2009;2011;;;;;
;;Agniesebuurt;4,6;3,5;4,3;2,5;2,5;;;;;
;;Provenierswijk;5,7;2;2,4;3,7;2,3;;;;;
;;Bergpolder;4;1,9;2,5;2,5;3,3;;;;;
;;Blijdorp;3,4;2;3,8;3,7;3,2;;;;;
;;Liskwartier;1,8;2;4,1;6,3;3;;;;;
;;Oude Noorden;2,6;2;3,5;2;4,2;;;;;
;;Noord;3,3;2,1;3,5;3,2;3,4;;;;;
;;Rotterdam;2,6;3,7;3,3;3;3,2;;;;;

;;1.2.1 aangiften diefstal uit/vanaf motorvoertuigen;;;;;;;;;;
;;;absoluut;;;;;genormaliseerd;;;;
;;;2006;2007;2008;2009;2011;2006;2007;2008;2009;2011
;;Agniesebuurt;191;164;115;71;72;45,9;40;28,2;17,3;17,6
;;Provenierswijk;68;66;77;76;79;14,6;14,5;17,4;16,9;17,5
;;Bergpolder;95;112;163;103;103;12,4;14,9;21,9;13,8;13,4
;;Blijdorp;199;182;280;225;212;21,1;19,6;30,1;24,1;22,1
;;Liskwartier;94;133;158;88;123;13,4;18,6;21,5;11,9;16,4
;;Oude Noorden;267;248;254;112;128;15,7;14,7;15,2;6,6;7,5
;;Noord;914;905;1047;675;717;18,3;18,3;21,2;13,6;14,2
;;Rotterdam;9249;8086;9744;8917;7615;15,8;13,9;16,8;15,3;12,8

;;1.2.2 aangiften diefstal van motorvoertuigen;;;;;;;;;;
;;;absoluut;;;;;genormaliseerd;;;;
;;;2006;2007;2008;2009;2011;2006;2007;2008;2009;2011
;;Agniesebuurt;22;12;9;10;2;5,3;2,9;2,2;2,4;0,5
;;Provenierswijk;11;9;5;9;9;2,4;2;1,1;2;2
;;Bergpolder;21;24;15;13;11;2,7;3,2;2;1,7;1,4
;;Blijdorp;34;27;21;25;47;3,6;2,9;2,3;2,7;4,9
;;Liskwartier;13;16;19;27;18;1,9;2,2;2,6;3,7;2,4
;;Oude Noorden;41;36;32;28;20;2,4;2,1;1,9;1,7;1,2
;;Noord;142;124;101;112;107;2,8;2,5;2;2,3;2,1
;;Rotterdam;1679;1423;1323;1411;1173;2,9;2,4;2,3;2,4;2

;;1.2.3 aangiften diefstal van brom-, snor-, fietsen;;;;;;;;;;
;;;absoluut;;;;;genormaliseerd;;;;
;;;2006;2007;2008;2009;2011;2006;2007;2008;2009;2011
;;Agniesebuurt;52;64;59;52;54;12,5;15,6;14,5;12,7;13,2
;;Provenierswijk;51;42;50;54;62;10,9;9,2;11,3;12;13,7
;;Bergpolder;70;86;79;67;84;9,2;11,5;10,6;9;10,9
;;Blijdorp;132;134;107;92;76;14;14,4;11,5;9,9;7,9
;;Liskwartier;59;70;55;49;78;8,4;9,8;7,5;6,6;10,4
;;Oude Noorden;84;104;113;87;112;4,9;6,2;6,7;5,1;6,6
;;Noord;448;500;463;401;466;9;10,1;9,4;8,1;9,2
;;Rotterdam;3983;3982;4927;4108;4438;6,8;6,8;8,5;7;7,5

;;1.2.4 aangiften zakkenrollerij;;;;;;;;;;
;;;absoluut;;;;;genormaliseerd;;;;
;;;2006;2007;2008;2009;2011;2006;2007;2008;2009;2011
;;Agniesebuurt;14;7;10;8;14;3,4;1,7;2,5;1,9;3,4
;;Provenierswijk;5;7;6;16;17;1,1;1,5;1,4;3,6;3,8
;;Bergpolder;10;8;10;8;11;1,3;1,1;1,3;1,1;1,4
;;Blijdorp;14;9;12;7;20;1,5;1;1,3;0,7;2,1
;;Liskwartier;9;7;13;9;13;1,3;1;1,8;1,2;1,7
;;Oude Noorden;35;33;19;34;25;2,1;2;1,1;2;1,5
;;Noord;87;71;70;82;100;1,7;1,4;1,4;1,7;2
;;Rotterdam;2456;2570;2564;1996;2138;4,2;4,4;4,4;3,4;3,6

;;1.2.5 aangiften diefstal af/uit/van overige voertuigen;;;;;;;;;;
;;;absoluut;;;;;genormaliseerd;;;;
;;;2006;2007;2008;2009;2011;2006;2007;2008;2009;2011
;;Agniesebuurt;6;14;9;10;12;1,4;3,4;2,2;2,4;2,9
;;Provenierswijk;7;3;9;4;6;1,5;0,7;2;0,9;1,3
;;Bergpolder;6;6;10;8;11;0,8;0,8;1,3;1,1;1,4
;;Blijdorp;6;11;14;16;15;0,6;1,2;1,5;1,7;1,6
;;Liskwartier;10;19;13;15;7;1,4;2,7;1,8;2;0,9
;;Oude Noorden;14;21;22;10;14;0,8;1,2;1,3;0,6;0,8
;;Noord;49;74;77;63;65;1;1,5;1,6;1,3;1,3
;;Rotterdam;682;850;834;780;729;1,2;1,5;1,4;1,3;1,2

;;2.5.2 aangiften winkeldiefstal;;;;;;;;;;
;;;absoluut;;;;;genormaliseerd;;;;
;;;2006;2007;2008;2009;2011;2006;2007;2008;2009;2011
;;Agniesebuurt;0;0;2;1;1;0;0;39,2;20,4;21,7
;;Provenierswijk;0;1;0;0;1;0;28,6;0;0;34,5
;;Bergpolder;2;2;3;2;2;29,9;26,3;40;26,3;27,4
;;Blijdorp;6;5;6;7;4;111,1;67,6;87;111,1;72,7
;;Liskwartier;21;18;8;11;6;388,9;264,7;115,9;166,7;95,2
;;Oude Noorden;27;19;11;23;20;94,7;62,5;36,5;77,2;71,9
;;Noord;56;45;30;44;34;107,1;73,9;49,8;75,1;62,5
;;Rotterdam;1377;1227;1004;1050;775;263,1;178,9;147,7;156,6;122

;;1.6.2 aangiften overige vermogensdelicten;;;;;;;;;;
;;;absoluut;;;;;genormaliseerd;;;;
;;;2006;2007;2008;2009;2011;2006;2007;2008;2009;2011
;;Agniesebuurt;77;82;43;67;69;18,5;20;10,6;16,3;16,9
;;Provenierswijk;16;28;34;32;40;3,4;6,2;7,7;7,1;8,8
;;Bergpolder;56;29;30;30;34;7,3;3,9;4;4;4,4
;;Blijdorp;85;87;75;75;98;9;9,4;8,1;8;10,2
;;Liskwartier;51;43;47;52;56;7,3;6;6,4;7;7,5
;;Oude Noorden;151;138;105;116;116;8,9;8,2;6,3;6,9;6,8
;;Noord;436;407;334;372;413;8,7;8,2;6,8;7,5;8,2
;;Rotterdam;6743;6410;6346;6196;7209;11,5;11;10,9;10,6;12,1

Drugsoverlast;;;;;;;;

;;buurtprobleem drugsoverlast;;;;;;
;;% vaak;2006;2007;2008;2009;2011;
;;Agniesebuurt;10,8;5,8;14,4;12,4;11,8;
;;Provenierswijk;3,9;3,3;7,1;7,9;7,7;
;;Bergpolder;8,6;5,2;8,9;9,2;7,8;
;;Blijdorp;1,7;2;1,8;3,2;2,7;
;;Liskwartier;3,5;7,9;5,2;9,4;4,2;
;;Oude Noorden;17,3;9,2;15,7;14,6;16,2;
;;Noord;9,2;6,2;9,6;10,1;9,4;
;;Rotterdam;8,2;6,7;9,9;10,2;10,1;

;;2.1.1 meldingen drugsoverlast;;;;;;
;;;absoluut;;;;;genormaliseerd
;;% vaak;2006;2007;2008;2009;2011;2006;2007;2008;2009;2011
;;Agniesebuurt;21;14;17;15;12;5;3,4;4,2;3,7;2,9
;;Provenierswijk;17;9;13;6;7;3,6;2;2,9;1,3;1,5
;;Bergpolder;31;35;33;23;17;4,1;4,7;4,4;3,1;2,2
;;Blijdorp;10;6;14;16;12;1,1;0,6;1,5;1,7;1,3
;;Liskwartier;8;10;4;13;7;1,1;1,4;0,5;1,8;0,9
;;Oude Noorden;46;45;36;25;35;2,7;2,7;2,1;1,5;2,1
;;Noord;133;119;117;98;90;2,7;2,4;2,4;2;1,8
;;Rotterdam;1242;1135;1071;1022;726;2,1;2;1,8;1,7;1,2

Geweld;;;;;;;;;;;;

;;buurtprobleem bedreiging;;;;;;;;;;
;;% vaak;2006;2007;2008;2009;2011;;;;;
;;Agniesebuurt;3,9;1,4;4,7;5,2;10,4;;;;;
;;Provenierswijk;1,6;3,3;2;1,7;2,9;;;;;
;;Bergpolder;1,7;1,3;1,8;1,9;2,6
;;Blijdorp;1,1;1,3;1,3;0,4;2,8
;;Liskwartier;0,6;1,3;3;2,2;3,8
;;Oude Noorden;6,3;2,5;7,3;10,4;9
;;Noord;3,1;1,9;4;4,8;5,6
;;Rotterdam;3,3;3,1;4,5;4,8;5,8

;;buurtprobleem geweldsdelicten;;;;;
;;% vaak;2006;2007;2008;2009;2011
;;Agniesebuurt;4;5,1;5,7;6,2;3
;;Provenierswijk;1,6;1,3;2;4,9;3,9
;;Bergpolder;1,1;1,9;2;2,4;1,7
;;Blijdorp;0;1,5;0;0,8;1,8
;;Liskwartier;2,9;0,7;1,6;3,1;3,1
;;Oude Noorden;11;2,4;4,4;8,5;10,4
;;Noord;4,7;2;2,7;4,8;5,1
;;Rotterdam;3,9;3,7;4,6;4,7;5,9

;;buurtprobleem tasjesroof;;;;;
;;% vaak;2006;2007;2008;2009;2011
;;Agniesebuurt;1,1;2,7;4,8;5,5;2,3
;;Provenierswijk;0,6;1,3;2,6;3,8;2,2
;;Bergpolder;2,3;2,6;1,8;0,5;3,1
;;Blijdorp;1,7;2,6;0,8;0,8;1,2
;;Liskwartier;2,9;1,3;0,5;2,3;3,6
;;Oude Noorden;7,4;2,3;3,2;6,4;2,9
;;Noord;3,7;2,2;2,2;3,5;2,6
;;Rotterdam;3,2;2,8;3,4;3;3,4

;;slachtofferschap tasjesroof met geweld;;;;;
;;% slachtofferschap;2006;2007;2008;2009;2011
;;Agniesebuurt;1,6;0;0,6;0;0,6
;;Provenierswijk;0,5;0;0;0,2;0
;;Bergpolder;0;0,7;0;0;0
;;Blijdorp;1,1;1,3;0;0,2;0,2
;;Liskwartier;0;2,6;0,3;0;0,3
;;Oude Noorden;0,4;0,5;0,3;0,6;0,2
;;Noord;0,5;0,9;0,2;0,3;0,2
;;Rotterdam;0,5;0,5;0,3;0,2;0,2

;;slachtofferschap tasjesroof zonder geweld;;;;;
;;% slachtofferschap;2006;2007;2008;2009;2011
;;Agniesebuurt;0;1,5;0,6;1,6;2,5
;;Provenierswijk;0,5;2;1,3;1,1;1,7
;;Bergpolder;1,2;0,7;1,4;1,6;1,4
;;Blijdorp;2,3;1,3;0,6;1,5;1,6
;;Liskwartier;1,1;0,7;1,7;0,9;1,7
;;Oude Noorden;1,3;2;2,2;1,2;1,2
;;Noord;1,3;1,4;1,5;1,3;1,5
;;Rotterdam;1,3;1,3;1,3;1,2;1,2

;;slachtofferschap bedreiging met geweld;;;;;
;;% slachtofferschap;2006;2007;2008;2009;2011
;;Agniesebuurt;2,2;3,1;1,5;3,2;4,6
;;Provenierswijk;2,3;3,9;2,2;2,3;3,7
;;Bergpolder;1,7;1,3;1,8;3,9;4,1
;;Blijdorp;1,6;2,6;2,1;3,3;3,9
;;Liskwartier;5,3;0,7;3,7;3,2;4,4
;;Oude Noorden;5,7;1,5;2,8;4,3;4
;;Noord;3,6;1,9;2,5;3,6;4,1
;;Rotterdam;2,8;2,6;2,8;2,9;3,1

;;slachtofferschap mishandeling;;;;;
;;% slachtofferschap;2006;2007;2008;2009;2011
;;Agniesebuurt;0,5;1,5;0,9;0,5;1,3;;;;;
;;Provenierswijk;0;0,6;0,3;0,2;1,1;;;;;
;;Bergpolder;0;0;0,6;0,3;0,7;;;;;
;;Blijdorp;0,6;0;0,5;1;0,9;;;;;
;;Liskwartier;1,2;0;0,6;0,3;0,2;;;;;
;;Oude Noorden;0,4;1;0,5;0,6;1,1;;;;;
;;Noord;0,5;0,5;0,6;0,5;0,9;;;;;
;;Rotterdam;0,4;0,5;0,8;0,4;0,8;;;;;

;;1.4.1 aangiften zedenmisdrijven;;;;;;;;;;
;;;absoluut;;;;;genormaliseerd;;;;
;;;2006;2007;2008;2009;2011;2006;2007;2008;2009;2011
;;Agniesebuurt;4;8;3;8;3;1;2;0,7;1,9;0,7
;;Provenierswijk;8;2;2;3;1;1,7;0,4;0,5;0,7;0,2
;;Bergpolder;1;1;4;5;0;0,1;0,1;0,5;0,7;0
;;Blijdorp;10;6;5;6;2;1,1;0,6;0,5;0,6;0,2
;;Liskwartier;4;3;4;0;2;0,6;0,4;0,5;0;0,3
;;Oude Noorden;17;12;7;10;7;1;0,7;0,4;0,6;0,4
;;Noord;44;32;25;32;15;0,9;0,6;0,5;0,6;0,3
;;Rotterdam;474;433;376;352;236;0,8;0,7;0,6;0,6;0,4

;;1.4.3 aangiften openlijke geweldpleging tegen personen;;;;;;;;;;
;;;absoluut;;;;;genormaliseerd;;;;
;;;2006;2007;2008;2009;2011;2006;2007;2008;2009;2011
;;Agniesebuurt;12;8;7;4;4;2,9;2;1,7;1;1
;;Provenierswijk;8;7;4;3;2;1,7;1,5;0,9;0,7;0,4
;;Bergpolder;0;0;2;0;0;0;0;0,3;0;0
;;Blijdorp;4;8;6;5;4;0,4;0,9;0,6;0,5;0,4
;;Liskwartier;3;0;5;4;0;0,4;0;0,7;0,5;0
;;Oude Noorden;11;11;13;17;12;0,6;0,7;0,8;1;0,7
;;Noord;38;34;37;33;22;0,8;0,7;0,8;0,7;0,4
;;Rotterdam;637;700;621;620;508;1,1;1,2;1,1;1,1;0,9

;;1.4.6 aangiften straatroof;;;;;;;;;;
;;;absoluut;;;;;genormaliseerd;;;;
;;;2006;2007;2008;2009;2011;2006;2007;2008;2009;2011
;;Agniesebuurt;20;16;12;9;9;4,8;3,9;2,9;2,2;2,2
;;Provenierswijk;28;12;13;10;15;6;2,6;2,9;2,2;3,3
;;Bergpolder;9;4;5;3;8;1,2;0,5;0,7;0,4;1
;;Blijdorp;18;13;10;9;12;1,9;1,4;1,1;1;1,3
;;Liskwartier;6;5;2;3;7;0,9;0,7;0,3;0,4;0,9
;;Oude Noorden;28;26;29;15;28;1,6;1,5;1,7;0,9;1,6
;;Noord;109;76;71;49;79;2,2;1,5;1,4;1;1,6
;;Rotterdam;1484;1262;1161;992;1018;2,5;2,2;2;1,7;1,7

;;1.4.7 aangiften overval;;;;;;;;;;
;;;absoluut;;;;;genormaliseerd;;;;
;;;2006;2007;2008;2009;2011;2006;2007;2008;2009;2011
;;Agniesebuurt;0;4;3;5;2;0;1;0,7;1,2;0,5
;;Provenierswijk;2;0;0;0;1;0,4;0;0;0;0,2
;;Bergpolder;5;5;3;4;4;0,7;0,7;0,4;0,5;0,5
;;Blijdorp;4;4;1;1;1;0,4;0,4;0,1;0,1;0,1
;;Liskwartier;4;2;3;2;2;0,6;0,3;0,4;0,3;0,3
;;Oude Noorden;10;8;9;11;6;0,6;0,5;0,5;0,7;0,4
;;Noord;25;23;19;23;16;0,5;0,5;0,4;0,5;0,3
;;Rotterdam;212;245;304;295;235;0,4;0,4;0,5;0,5;0,4

;;1.4.4 meldingen bedreiging;;;;;;;;;;
;;;absoluut;;;;;genormaliseerd;;;;
;;;2006;2007;2008;2009;2011;2006;2007;2008;2009;2011
;;Agniesebuurt;33;29;29;21;16;7,9;7,1;7,1;5,1;3,9
;;Provenierswijk;8;14;10;5;4;1,7;3,1;2,3;1,1;0,9
;;Bergpolder;7;10;16;8;16;0,9;1,3;2,1;1,1;2,1
;;Blijdorp;15;12;12;14;6;1,6;1,3;1,3;1,5;0,6
;;Liskwartier;10;16;7;6;9;1,4;2,2;1;0,8;1,2
;;Oude Noorden;70;64;58;60;65;4,1;3,8;3,5;3,6;3,8
;;Noord;143;145;132;114;116;2,9;2,9;2,7;2,3;2,3
;;Rotterdam;1723;1742;1591;1488;1287;2,9;3;2,7;2,5;2,2

;;1.4.5 meldingen mishandeling;;;;;;;;;;
;;;absoluut;;;;;genormaliseerd;;;;
;;;2006;2007;2008;2009;2011;2006;2007;2008;2009;2011
;;Agniesebuurt;172;167;155;189;150;41,3;40,8;38;46,1;36,8
;;Provenierswijk;58;60;64;62;79;12,4;13,2;14,5;13,8;17,5
;;Bergpolder;64;72;93;71;63;8,4;9,6;12,5;9,5;8,2
;;Blijdorp;66;68;78;99;89;7;7,3;8,4;10,6;9,3
;;Liskwartier;55;62;64;70;66;7,8;8,7;8,7;9,5;8,8
;;Oude Noorden;394;395;382;392;324;23,2;23,4;22,8;23,2;19,1
;;Noord;809;824;836;883;771;16,2;16,7;16,9;17,8;15,3
;;Rotterdam;10335;10639;10667;10882;9915;17,6;18,3;18,4;18,6;16,7

Inbraak;;;;;;;

;;buurtprobleem woninginbraak;;;;;
;;% vaak;2006;2007;2008;2009;2011
;;Agniesebuurt;21,9;12,1;13,7;17,1;10,8
;;Provenierswijk;6;3,9;5,7;10;6,1
;;Bergpolder;9,7;5,7;5,6;3,8;5
;;Blijdorp;13,6;10,4;6,6;6,5;6,1
;;Liskwartier;6,7;10,5;6,3;8,3;6,5
;;Oude Noorden;19;10,7;13,2;14,3;11,8
;;Noord;13,8;9,3;9,2;10,2;8,3
;;Rotterdam;12,9;12;12,1;11,1;13,5

;;slachtofferschap poging tot inbraak;;;;;
;;% slachtofferschap;2006;2007;2008;2009;2011
;;Agniesebuurt;5,8;2,2;3,4;4,2;4,9
;;Provenierswijk;4,8;3,8;2,5;2,3;1,4
;;Bergpolder;2,3;0;3,9;0,5;1,8
;;Blijdorp;2,8;2;2,7;1,5;1,4
;;Liskwartier;1,7;1,3;0,5;1,8;3,9
;;Oude Noorden;5,4;1,5;2,8;3,7;4,8
;;Noord;3,9;1,6;2,6;2,4;3,3
;;Rotterdam;3,5;3,1;3;2,5;2,8

;;slachtofferschap woninginbraak;;;;;
;;% slachtofferschap;2006;2007;2008;2009;2011
;;Agniesebuurt;5,3;2,7;1;2,9;0,5
;;Provenierswijk;2,8;3,2;1;1,1;2,6
;;Bergpolder;2,8;0,7;0,5;1;0
;;Blijdorp;5,1;0,7;3,1;0,4;1,5
;;Liskwartier;1,1;0,7;0;1,8;0
;;Oude Noorden;2,9;0;2,5;0,4;2,5;;;;;
;;Noord;3,2;0,8;1,7;0,9;1,4;;;;;
;;Rotterdam;2;2;2;1,4;1,3;;;;;

;;1.1.1 aangiften woninginbraak;;;;;;;;;;
;;;absoluut;;;;;genormaliseerd;;;;
;;;2006;2007;2008;2009;2011;2006;2007;2008;2009;2011
;;Agniesebuurt;58;35;49;23;20;28;16,9;23,5;11;9,6
;;Provenierswijk;52;34;26;19;18;22,6;15;11,6;8,3;7,8
;;Bergpolder;61;37;43;45;26;14;8,5;9,8;10,3;5,8
;;Blijdorp;61;41;80;67;42;11,7;7,9;15,3;12,7;7,9
;;Liskwartier;50;38;46;31;32;15,2;11,3;13,2;8,9;9,1
;;Oude Noorden;198;97;149;111;74;25,8;12,6;19,5;14,3;9,5
;;Noord;480;282;393;296;212;19,2;11,3;15,7;11,7;8,3
;;Rotterdam;4420;3779;4018;3756;3787;16,4;14;14,9;13,8;13,7

;;1.1.2 aangiften inbraak in garages, schuren en tuinhuizen;;;;;;;;;;
;;;absoluut;;;;;genormaliseerd;;;;
;;;2006;2007;2008;2009;2011;2006;2007;2008;2009;2011
;;Agniesebuurt;37;20;11;21;6;17,9;9,6;5,3;10,1;2,9
;;Provenierswijk;5;5;16;12;5;2,2;2,2;7,1;5,2;2,2
;;Bergpolder;16;3;4;9;4;3,7;0,7;0,9;2,1;0,9
;;Blijdorp;15;6;5;7;9;2,9;1,2;1;1,3;1,7
;;Liskwartier;26;23;4;26;22;7,9;6,8;1,2;7,5;6,3
;;Oude Noorden;85;54;53;54;45;11,1;7;6,9;6,9;5,8
;;Noord;184;111;93;129;91;7,4;4,4;3,7;5,1;3,6
;;Rotterdam;2629;1881;1746;1595;1295;9,8;7;6,5;5,8;4,7

;;2.5.1 aangiften inbraak in bedrijven/instellingen;;;;;;;;;;
;;;absoluut;;;;;genormaliseerd;;;;
;;;2006;2007;2008;2009;2011;2006;2007;2008;2009;2011
;;Agniesebuurt;54;29;43;24;39;271,4;139,4;194,6;109,6;165,3
;;Provenierswijk;12;8;8;14;16;63,2;41,9;39,6;66,4;75,1
;;Bergpolder;11;7;11;14;10;50,9;28,3;44,5;57,9;36
;;Blijdorp;36;28;26;28;24;113,2;87,5;79,8;87,8;70
;;Liskwartier;16;18;15;12;8;66,4;76,6;58,8;44,6;28,4
;;Oude Noorden;50;56;52;41;16;77,6;92,1;85,5;65,6;24,3
;;Noord;179;146;155;133;113;99;80,7;83,4;70,6;56,2
;;Rotterdam;2730;2271;1957;1947;1237;132,4;108,7;90,9;89,2;55,2

Vandalisme;;;;;;;;;;;;

;;buurtprobleem bekladding muren/gebouwen;;;;;;;;;;
;;% vaak;2006;2007;2008;2009;2011;;;;;
;;Agniesebuurt;34,7;31,4;35,9;24,3;22,1;;;;;
;;Provenierswijk;22,4;25,8;23,6;19,7;17,2;;;;;
;;Bergpolder;14,8;21;16,8;11,9;12,8;;;;;
;;Blijdorp;15,6;12,4;10,4;9,1;9,2;;;;;
;;Liskwartier;23,3;20,9;17,3;16,5;12,1
;;Oude Noorden;25,4;19,1;22,9;23;18,7
;;Noord;22,1;20;19,9;17,5;15,1
;;Rotterdam;14,3;14,9;18,7;17;13,9

;;buurtprobleem vernieling telefooncellen/bus- of tramhokjes ;;;;;
;;% vaak;2006;2007;2008;2009;2011
;;Agniesebuurt;18;13,6;17,9;15;4,1
;;Provenierswijk;4,6;8,5;5,1;3,9;3,9
;;Bergpolder;6,3;5,2;3,5;7,2;1,7
;;Blijdorp;13,7;4,6;2,2;3,2;2,1
;;Liskwartier;19,8;7,1;10;10;8,3
;;Oude Noorden;17,6;12,6;17,4;14,1;9,7
;;Noord;14,2;8,9;10,3;9,6;5,8
;;Rotterdam;18,6;17,7;19,4;16,2;11,8

;;slachtofferschap overige beschadiging/vernieling;;;;;;;;;;
;;% slachtofferschap;2006;2007;2008;2009;2011;;;;;
;;Agniesebuurt;10;2,8;11;10,3;15;;;;;
;;Provenierswijk;11,4;3,9;17,8;9,4;11,5;;;;;
;;Bergpolder;6,3;3,3;13,7;13,3;6,7;;;;;
;;Blijdorp;6,7;4,6;5,8;8,8;6;;;;;
;;Liskwartier;11,5;4,6;13,4;12,9;11,1;;;;;
;;Oude Noorden;8,7;3,4;13,1;10,5;8,9;;;;;
;;Noord;8,7;3,8;12,1;10,8;9,1;;;;;
;;Rotterdam;3,7;2,7;8,1;7,3;6,5;;;;;

;;2.2.1 meldingen vernieling cq zaakbeschadiging;;;;;;;;;;
;;;absoluut;;;;;genormaliseerd;;;;
;;;2006;2007;2008;2009;2011;2006;2007;2008;2009;2011
;;Agniesebuurt;56;51;29;46;38;13,5;12,5;7,1;11,2;9,3
;;Provenierswijk;28;25;29;26;20;6;5,5;6,6;5,8;4,4
;;Bergpolder;24;22;34;24;22;3,1;2,9;4,6;3,2;2,9
;;Blijdorp;47;43;30;34;24;5;4,6;3,2;3,6;2,5
;;Liskwartier;28;33;30;28;22;4;4,6;4,1;3,8;2,9
;;Oude Noorden;126;140;100;95;66;7,4;8,3;6;5,6;3,9
;;Noord;309;314;252;253;192;6,2;6,3;5,1;5,1;3,8
;;Rotterdam;3972;3999;3803;3203;2376;6,8;6,9;6,6;5,5;4

;;meldingen kleine buitenbranden;;;;;;;;;;
;;;absoluut;;;;;genormaliseerd;;;;
;;;2006;2007;2008;2009;2011;2006;2007;2008;2009;2011
;;Agniesebuurt;3;11;7;9;1;0,8;3,1;1,9;2,5;0,3
;;Provenierswijk;1;1;3;7;3;0,3;0,3;1;2,3;1
;;Bergpolder;3;4;2;6;2;0,7;0,9;0,4;1,3;0,4
;;Blijdorp;13;8;5;9;11;0,8;0,5;0,3;0,5;0,7
;;Liskwartier;5;8;7;8;5;0,8;1,4;1,2;1,4;0,8
;;Oude Noorden;17;6;4;23;14;1,6;0,6;0,4;2,1;1,3
;;Noord;42;38;28;62;36;0,9;0,9;0,6;1,4;0,8
;;Rotterdam;967;970;900;849;556;0,7;0,7;0,7;0,6;0,4

Overlast;;;;;;;;;;;;

;;buurtprobleem overlast van groepen jongeren;;;;;;;;;;
;;% vaak;2006;2007;2008;2009;2011;;;;;
;;Agniesebuurt;18,1;20,5;19,3;29,5;26,2;;;;;
;;Provenierswijk;13,2;13,8;17;22,9;26,3;;;;;
;;Bergpolder;5,1;4,6;8,7;7,5;7,6;;;;;
;;Blijdorp;6;4,6;6;8,1;6,4;;;;;
;;Liskwartier;7,5;8;9,7;15;10,6;;;;;
;;Oude Noorden;28,7;23,5;28,7;30,8;27,6;;;;;
;;Noord;15,3;13,7;16,8;19,9;17,8;;;;;
;;Rotterdam;14,3;14;19,1;20,1;20;;;;;

;;buurtprobleem dronken mensen op straat;;;;;
;;% vaak;2006;2007;2008;2009;2011
;;Agniesebuurt;9;3;8,2;19,8;15,8
;;Provenierswijk;7,4;8,6;8,6;17,5;13,2
;;Bergpolder;2,9;3,3;6,7;7,7;7,7
;;Blijdorp;1,1;2;3,8;3,1;3
;;Liskwartier;4,7;4,6;7,4;9,9;9,7
;;Oude Noorden;12,1;5,9;13,5;17,7;17,1
;;Noord;6,8;4,6;8,9;12,5;11,4
;;Rotterdam;5,4;5;8,7;10,5;11,1

;;buurtprobleem lastig gevallen worden op straat;;;;;
;;% vaak;2006;2007;2008;2009;2011
;;Agniesebuurt;4,4;2;8,2;10;10,1
;;Provenierswijk;2,7;2,6;3,8;6,5;6,8
;;Bergpolder;0;1,9;3,2;2,3;1,8
;;Blijdorp;0,6;2;1,8;1,7;1,7;;;;;
;;Liskwartier;2,3;2,6;1,6;4,3;2,5;;;;;
;;Oude Noorden;8,1;2,9;10,2;9,6;10,4;;;;;
;;Noord;3,8;2,4;5,5;6;5,9;;;;;
;;Rotterdam;3,1;2,6;5,6;6,2;6,4;;;;;

;;2.4.1 meldingen burengerucht (relatieproblemen);;;;;;;;;;
;;;absoluut;;;;;genormaliseerd;;;;
;;;2006;2007;2008;2009;2011;2006;2007;2008;2009;2011
;;Agniesebuurt;189;187;204;208;189;45,4;45,7;50,1;50,7;46,3
;;Provenierswijk;86;106;103;146;131;18,5;23,3;23,3;32,4;29
;;Bergpolder;208;196;205;231;163;27,2;26,1;27,5;31;21,2
;;Blijdorp;247;192;167;253;192;26,2;20,6;18;27,1;20
;;Liskwartier;120;114;143;139;180;17,1;16;19,5;18,8;24
;;Oude Noorden;678;575;579;614;580;39,9;34;34,6;36,3;34,1
;;Noord;1528;1370;1401;1591;1435;30,6;27,7;28,4;32;28,5
;;Rotterdam;15483;15318;16151;16936;16299;26,4;26,3;27,8;29;27,4

;;2.7.1 meldingen overlast;;;;;;;;;;
;;;absoluut;;;;;genormaliseerd;;;;
;;;2006;2007;2008;2009;2011;2006;2007;2008;2009;2011
;;Agniesebuurt;109;97;77;112;97;26,2;23,7;18,9;27,3;23,8
;;Provenierswijk;102;94;82;140;92;21,9;20,7;18,5;31,1;20,3
;;Bergpolder;59;43;63;71;70;7,7;5,7;8,5;9,5;9,1
;;Blijdorp;117;77;129;159;119;12,4;8,3;13,9;17;12,4
;;Liskwartier;91;74;51;65;54;13;10,4;6,9;8,8;7,2
;;Oude Noorden;341;404;346;299;300;20;23,9;20,7;17,7;17,6
;;Noord;819;789;748;846;732;16,4;15,9;15,2;17;14,5
;;Rotterdam;11983;10454;9484;9740;8323;20,4;18;16,3;16,7;14

Schoon en heel;;;;;;;;;;;;

;;buurtprobleem vervuiling op straat;;;;;
;;% vaak;2006;2007;2008;2009;2011
;;Agniesebuurt;49,9;33,6;42,1;42,3;40,9
;;Provenierswijk;38,7;36,8;39,4;36,3;36,1
;;Bergpolder;33,2;30,7;32,7;33,3;23,8
;;Blijdorp;18,5;24,1;15,1;15,9;18,2
;;Liskwartier;54,2;43,7;34,1;40,7;29,3
;;Oude Noorden;52,5;39,1;43,2;39,9;40
;;Noord;41,7;35;34,5;34,4;31,5
;;Rotterdam;33,8;32,9;36,3;36;33,9

;;buurtprobleem hondenpoep op straat;;;;;
;;% vaak;2006;2007;2008;2009;2011
;;Agniesebuurt;49,3;42,9;41,7;40,7;31,7
;;Provenierswijk;29,3;25,1;20,7;20,8;18,6
;;Bergpolder;41;35,2;41,3;27,9;30,3
;;Blijdorp;35,5;27,2;22,2;24,4;23,1
;;Liskwartier;40,2;42,6;33,4;36,5;31,5
;;Oude Noorden;58,7;48,8;50,2;55,4;45
;;Noord;45,4;39,1;37,7;38,3;33,1
;;Rotterdam;38,1;35,9;36,5;35,1;32,4

;;buurtprobleem vuil naast de container;;;;;
;;% vaak;2006;2007;2008;2009;2011
;;Agniesebuurt;14,8;12,8;31,1;48,6;57,1
;;Provenierswijk;9,2;16,4;31,2;28,8;38
;;Bergpolder;35,4;40,5;54,3;52,8;54,3
;;Blijdorp;28,2;32,5;40,4;45,3;41,2
;;Liskwartier;28,3;17;36,4;44,1;38,2
;;Oude Noorden;17,7;12,4;30,3;45,6;51,9
;;Noord;23;21,5;36,9;45,1;47,4
;;Rotterdam;23,9;23,6;37,1;37,5;35,9

;;buurtprobleem wildplassen;;;;;
;;% vaak;2006;2007;2008;2009;2011
;;Agniesebuurt;23,1;17,8;25,8;31,9;28,8
;;Provenierswijk;11,5;9,9;29,6;30,3;23,6
;;Bergpolder;7,4;11,7;12,2;11,8;14,3
;;Blijdorp;4;6,5;9,7;11,1;10
;;Liskwartier;8,7;7,9;15;15,5;10,5
;;Oude Noorden;20,4;11,4;25,1;29,8;25,8
;;Noord;12,9;10,4;19,2;21,7;18,8
;;Rotterdam;9,9;9,3;18;19,3;17,9

;;buurtprobleem gaten of verzakkingen in de bestrating;;;;;
;;% vaak;2006;2007;2008;2009;2011
;;Agniesebuurt;15,6;13,6;29,4;26;31,9
;;Provenierswijk;19,5;14,5;25;26,1;18,6
;;Bergpolder;28,6;26,7;32,4;29,6;27,4
;;Blijdorp;24,6;18,2;30,3;27,4;23,7
;;Liskwartier;19,1;12,3;15,7;13,6;17,4
;;Oude Noorden;21,6;18,3;22,4;29;24,2
;;Noord;22,2;18;25,3;26;23,7
;;Rotterdam;21,7;21,2;26,5;25,4;23,5

;;buurtprobleem vernield of kapot straatmeubilair;;;;;
;;% vaak;2006;2007;2008;2009;2011
;;Agniesebuurt;9,1;7,9;12,4;14,4;12
;;Provenierswijk;3,3;7,9;8,8;9,2;10,2
;;Bergpolder;2,3;5,8;4,1;6,8;4,6
;;Blijdorp;2,7;6,1;4,3;3,7;4,4
;;Liskwartier;7,6;3,3;6,5;7,3;5,4
;;Oude Noorden;12,9;9,8;12,3;14;11,9
;;Noord;7,3;7,2;8,4;9,5;8,3
;;Rotterdam;8;8;13;12,8;10,4;;;;;

;;score op de productnormering;;;;;;;;;;
;;;Schoon;;;;;Heel;;;;
;;;2006;2007;2008;2009;2011;2006;2007;2008;2009;2011
;;Agniesebuurt;3,6;3,5;3,9;4,4;4,6;3,6;3,4;3,6;3,8;4,3
;;Provenierswijk;3,9;3,8;4;4,4;4,5;3,5;3,4;3,4;3,7;4
;;Bergpolder;3,9;3,9;3,9;4,5;4,6;3,7;3,6;3,5;3,8;4,4
;;Blijdorp;4,1;4;4,1;4,5;4,6;3,5;3,4;3,5;3,7;4,2
;;Liskwartier;3,8;3,7;3,9;4,4;4,5;3,7;3,5;3,6;3,7;4,1
;;Oude Noorden;3,8;3,9;4;4,6;4,5;3,5;3,5;3,5;3,8;4,1
;;Noord;3,9;3,8;4;4,5;4,5;3,5;3,5;3,5;3,7;4,2
;;Rotterdam;4,1;4,2;4,2;4,4;4,5;3,7;3,7;3,7;3,9;4,1

Verkeer;;;;;;;;;;;;

;;buurtprobleem aanrijdingen;;;;;
;;% vaak;2006;2007;2008;2009;2011
;;Agniesebuurt;6,9;1,6;8,6;9,1;6,3
;;Provenierswijk;7,9;5,3;13,2;10;14,4
;;Bergpolder;7,9;4,6;8,5;8,3;9,4
;;Blijdorp;5,2;3,3;8,1;8,9;9,9
;;Liskwartier;15;7,9;12,8;15,3;9,6
;;Oude Noorden;11,1;3,9;13,3;14,2;10,1
;;Noord;9,4;4,4;11,1;11,7;10
;;Rotterdam;6,2;4,9;8,9;9,8;9

;;buurtprobleem agressief verkeersgedrag;;;;;
;;% vaak;2006;2007;2008;2009;2011
;;Agniesebuurt;29;19,2;20,5;29,9;20,7
;;Provenierswijk;24,3;17,8;19,7;22;19,7
;;Bergpolder;25,1;23,8;22,3;17,6;14,4
;;Blijdorp;22;12,9;12,8;15,1;14,3
;;Liskwartier;33,1;19,6;23,8;25,5;20,5
;;Oude Noorden;33,4;23,9;28;31,1;29,7
;;Noord;28,7;20,2;22,3;24,3;21,4
;;Rotterdam;21,1;19,5;19,5;20,2;18,9

;;slachtofferschap aanrijding met doorrijden;;;;;
;;% slachtofferschap;2006;2007;2008;2009;2011
;;Agniesebuurt;0,6;0;0,4;1,3;0,6
;;Provenierswijk;1,1;0;0,9;1,2;3,1
;;Bergpolder;0;1,9;0,8;0,9;0,8
;;Blijdorp;1,6;0,7;0,9;1,9;1
;;Liskwartier;0;0,7;0,9;0,7;0,6
;;Oude Noorden;0,8;0,5;1,3;0,9;0,8
;;Noord;0,7;0,7;1;1,1;1
;;Rotterdam;0,8;0,8;0,8;0,9;1

;;slachtofferschap aanrijding zonder doorrijden;;;;;;;;;;
;;% slachtofferschap;2006;2007;2008;2009;2011;;;;;
;;Agniesebuurt;2,9;0;3,3;1,3;3,9;;;;;
;;Provenierswijk;1,2;0,7;2,4;2,1;2,6;;;;;
;;Bergpolder;2,9;2,6;3,4;2,8;3,8;;;;;
;;Blijdorp;3,4;2,6;2,7;3,6;3,6;;;;;
;;Liskwartier;4,1;3,3;3,5;5,3;1,8;;;;;
;;Oude Noorden;4,7;0,5;3,4;4,8;2,4;;;;;
;;Noord;3,6;1,6;3,2;3,8;2,9;;;;;
;;Rotterdam;2;2,3;3,1;3,3;3;;;;;

;;1.3.1 meldingen verkeersongevallen;;;;;;;;;;
;;;absoluut;;;;;genormaliseerd;;;;
;;;2006;2007;2008;2009;2011;2006;2007;2008;2009;2011
;;Agniesebuurt;155;145;135;144;93;37,3;35,4;33,1;35,1;22,8
;;Provenierswijk;36;49;58;52;34;7,7;10,8;13,1;11,5;7,5
;;Bergpolder;111;115;115;99;72;14,5;15,3;15,4;13,3;9,4
;;Blijdorp;331;277;246;222;208;35,1;29,8;26,5;23,8;21,7
;;Liskwartier;130;95;118;118;80;18,5;13,3;16,1;16;10,7
;;Oude Noorden;339;323;307;309;234;19,9;19,1;18,3;18,3;13,8
;;Noord;1102;1004;979;944;721;22,1;20,3;19,8;19;14,3
;;Rotterdam;10352;10242;9755;9636;7830;17,7;17,6;16,8;16,5;13,2

Overig;;;;;;;;;;;;

;;tevredenheid met het wonen in de buurt ;;;;;;;;;;
;;% (zeer) tevreden;2006;2007;2008;2009;2011;;;;;
;;Agniesebuurt;77,5;69,9;73,2;66;58,2;;;;;
;;Provenierswijk;81,4;85,6;78,7;74,1;71,1;;;;;
;;Bergpolder;89,2;74;75,5;75,1;82,6;;;;;
;;Blijdorp;90,7;90,3;91;90,3;91,7;;;;;
;;Liskwartier;82,1;82,9;84;78,9;82
;;Oude Noorden;72;70,6;70,6;64;64,8
;;Noord;81;77,9;78,1;73,9;75,2
;;Rotterdam;79,4;79,9;75;73,4;74,4



;;;;;;;
;;;;;;;
;;;;;;;
;;;;;;;
;;;;;;;
;;;;;;;
;;;;;;;
;;;;;;;



;;;;;;;
;;;;;;;
;;;;;;;
;;;;;;;
;;;;;;;
;;;;;;;
;;;;;;;
;;;;;;;



;;;;;;;
;;;;;;;
;;;;;;;
;;;;;;;
;;;;;;;
;;;;;;;
;;;;;;;
;;;;;;;



;;;;;;;
;;;;;;;
;;;;;;;
;;;;;;;
;;;;;;;
;;;;;;;
;;;;;;;
;;;;;;;



;;;;;;;
;;;;;;;
;;;;;;;
;;;;;;;
;;;;;;;
;;;;;;;
;;;;;;;
;;;;;;;



;;;;;;;
;;;;;;;
;;;;;;;
;;;;;;;
;;;;;;;
;;;;;;;
;;;;;;;
;;;;;;;



;;;;;;;
;;;;;;;
;;;;;;;
;;;;;;;
;;;;;;;
;;;;;;;
;;;;;;;
;;;;;;;
